Фраза;Кластер;Интент;Посадочная;Приоритет;Частотность Wordstat;Статус
юрист Бузулук;Главная;Коммерческий;https://obz-pravo.ru/;P1;351;"Wordstat: Бузулук 11086, все устройства, 04.09–04.10.2026 (экспорт), широкая частотность; SERP не проверен"
юрист в Бузулуке;Главная;Коммерческий;https://obz-pravo.ru/;P1;;"Расширение семян; частотность и SERP-группировка не проверены"
частный юрист Бузулук;Главная;Коммерческий;https://obz-pravo.ru/;P1;;"Расширение семян; частотность и SERP-группировка не проверены"
частный юрист в Бузулуке;Главная;Коммерческий;https://obz-pravo.ru/;P1;;"Расширение семян; частотность и SERP-группировка не проверены"
юридическая помощь Бузулук;Главная;Коммерческий;https://obz-pravo.ru/;P1;;"Расширение семян; частотность и SERP-группировка не проверены"
юридическая помощь в Бузулуке;Главная;Коммерческий;https://obz-pravo.ru/;P1;;"Расширение семян; частотность и SERP-группировка не проверены"
услуги юриста Бузулук;Главная;Коммерческий;https://obz-pravo.ru/;P1;;"Расширение семян; частотность и SERP-группировка не проверены"
услуги юриста в Бузулуке;Главная;Коммерческий;https://obz-pravo.ru/;P1;;"Расширение семян; частотность и SERP-группировка не проверены"
юрист телефон Бузулук;Главная;Коммерческий;https://obz-pravo.ru/;P1;23;"Wordstat: Бузулук 11086, все устройства, 04.09–04.10.2026 (экспорт), широкая частотность; SERP не проверен"
юрист телефон в Бузулуке;Главная;Коммерческий;https://obz-pravo.ru/;P1;;"Расширение семян; частотность и SERP-группировка не проверены"
юрист адрес Бузулук;Главная;Коммерческий;https://obz-pravo.ru/;P1;;"Расширение семян; частотность и SERP-группировка не проверены"
юрист адрес в Бузулуке;Главная;Коммерческий;https://obz-pravo.ru/;P1;;"Расширение семян; частотность и SERP-группировка не проверены"
юрист стоимость Бузулук;Главная;Коммерческий;https://obz-pravo.ru/;P1;;"Расширение семян; частотность и SERP-группировка не проверены"
юрист стоимость в Бузулуке;Главная;Коммерческий;https://obz-pravo.ru/;P1;;"Расширение семян; частотность и SERP-группировка не проверены"
юридические услуги Бузулук;Главная;Коммерческий;https://obz-pravo.ru/;P1;;"Расширение семян; частотность и SERP-группировка не проверены"
юридические услуги в Бузулуке;Главная;Коммерческий;https://obz-pravo.ru/;P1;;"Расширение семян; частотность и SERP-группировка не проверены"
юрист Светлана Якунина Бузулук;Главная;Коммерческий;https://obz-pravo.ru/;P1;;"Расширение семян; частотность и SERP-группировка не проверены"
юрист Светлана Якунина в Бузулуке;Главная;Коммерческий;https://obz-pravo.ru/;P1;;"Расширение семян; частотность и SERP-группировка не проверены"
Светлана Якунина юрист Бузулук;Главная;Коммерческий;https://obz-pravo.ru/;P1;;"Расширение семян; частотность и SERP-группировка не проверены"
Светлана Якунина юрист в Бузулуке;Главная;Коммерческий;https://obz-pravo.ru/;P1;;"Расширение семян; частотность и SERP-группировка не проверены"
консультация юриста Бузулук;Консультация;Коммерческий;https://obz-pravo.ru/consultation.html;P1;;"Расширение семян; частотность и SERP-группировка не проверены"
консультация юриста в Бузулуке;Консультация;Коммерческий;https://obz-pravo.ru/consultation.html;P1;;"Расширение семян; частотность и SERP-группировка не проверены"
юридическая консультация Бузулук;Консультация;Коммерческий;https://obz-pravo.ru/consultation.html;P1;;"Расширение семян; частотность и SERP-группировка не проверены"
юридическая консультация в Бузулуке;Консультация;Коммерческий;https://obz-pravo.ru/consultation.html;P1;;"Расширение семян; частотность и SERP-группировка не проверены"
платная консультация юриста Бузулук;Консультация;Коммерческий;https://obz-pravo.ru/consultation.html;P1;;"Расширение семян; частотность и SERP-группировка не проверены"
платная консультация юриста в Бузулуке;Консультация;Коммерческий;https://obz-pravo.ru/consultation.html;P1;;"Расширение семян; частотность и SERP-группировка не проверены"
записаться к юристу Бузулук;Консультация;Коммерческий;https://obz-pravo.ru/consultation.html;P1;;"Расширение семян; частотность и SERP-группировка не проверены"
записаться к юристу в Бузулуке;Консультация;Коммерческий;https://obz-pravo.ru/consultation.html;P1;;"Расширение семян; частотность и SERP-группировка не проверены"
стоимость консультации юриста Бузулук;Консультация;Коммерческий;https://obz-pravo.ru/consultation.html;P1;;"Расширение семян; частотность и SERP-группировка не проверены"
стоимость консультации юриста в Бузулуке;Консультация;Коммерческий;https://obz-pravo.ru/consultation.html;P1;;"Расширение семян; частотность и SERP-группировка не проверены"
цена консультации юриста Бузулук;Консультация;Коммерческий;https://obz-pravo.ru/consultation.html;P1;;"Расширение семян; частотность и SERP-группировка не проверены"
цена консультации юриста в Бузулуке;Консультация;Коммерческий;https://obz-pravo.ru/consultation.html;P1;;"Расширение семян; частотность и SERP-группировка не проверены"
первичная консультация юриста Бузулук;Консультация;Коммерческий;https://obz-pravo.ru/consultation.html;P1;;"Расширение семян; частотность и SERP-группировка не проверены"
первичная консультация юриста в Бузулуке;Консультация;Коммерческий;https://obz-pravo.ru/consultation.html;P1;;"Расширение семян; частотность и SERP-группировка не проверены"
консультация по документам Бузулук;Консультация;Коммерческий;https://obz-pravo.ru/consultation.html;P1;;"Расширение семян; частотность и SERP-группировка не проверены"
консультация по документам в Бузулуке;Консультация;Коммерческий;https://obz-pravo.ru/consultation.html;P1;;"Расширение семян; частотность и SERP-группировка не проверены"
правовая консультация Бузулук;Консультация;Коммерческий;https://obz-pravo.ru/consultation.html;P1;;"Расширение семян; частотность и SERP-группировка не проверены"
правовая консультация в Бузулуке;Консультация;Коммерческий;https://obz-pravo.ru/consultation.html;P1;;"Расширение семян; частотность и SERP-группировка не проверены"
задать вопрос юристу Бузулук;Консультация;Коммерческий;https://obz-pravo.ru/consultation.html;P1;;"Расширение семян; частотность и SERP-группировка не проверены"
задать вопрос юристу в Бузулуке;Консультация;Коммерческий;https://obz-pravo.ru/consultation.html;P1;;"Расширение семян; частотность и SERP-группировка не проверены"
помощь юриста консультация Бузулук;Консультация;Коммерческий;https://obz-pravo.ru/consultation.html;P1;;"Расширение семян; частотность и SERP-группировка не проверены"
помощь юриста консультация в Бузулуке;Консультация;Коммерческий;https://obz-pravo.ru/consultation.html;P1;;"Расширение семян; частотность и SERP-группировка не проверены"
консультация частного юриста Бузулук;Консультация;Коммерческий;https://obz-pravo.ru/consultation.html;P1;;"Расширение семян; частотность и SERP-группировка не проверены"
консультация частного юриста в Бузулуке;Консультация;Коммерческий;https://obz-pravo.ru/consultation.html;P1;;"Расширение семян; частотность и SERP-группировка не проверены"
юрист по трудовому праву Бузулук;Трудовые вопросы;Коммерческий;https://obz-pravo.ru/labor.html;P1;;"Расширение семян; частотность и SERP-группировка не проверены"
юрист по трудовому праву в Бузулуке;Трудовые вопросы;Коммерческий;https://obz-pravo.ru/labor.html;P1;;"Расширение семян; частотность и SERP-группировка не проверены"
юрист по трудовым спорам Бузулук;Трудовые вопросы;Коммерческий;https://obz-pravo.ru/labor.html;P1;;"Расширение семян; частотность и SERP-группировка не проверены"
юрист по трудовым спорам в Бузулуке;Трудовые вопросы;Коммерческий;https://obz-pravo.ru/labor.html;P1;;"Расширение семян; частотность и SERP-группировка не проверены"
консультация по трудовому праву Бузулук;Трудовые вопросы;Коммерческий;https://obz-pravo.ru/labor.html;P1;;"Расширение семян; частотность и SERP-группировка не проверены"
консультация по трудовому праву в Бузулуке;Трудовые вопросы;Коммерческий;https://obz-pravo.ru/labor.html;P1;;"Расширение семян; частотность и SERP-группировка не проверены"
трудовой юрист Бузулук;Трудовые вопросы;Коммерческий;https://obz-pravo.ru/labor.html;P1;;"Расширение семян; частотность и SERP-группировка не проверены"
трудовой юрист в Бузулуке;Трудовые вопросы;Коммерческий;https://obz-pravo.ru/labor.html;P1;;"Расширение семян; частотность и SERP-группировка не проверены"
юрист при увольнении Бузулук;Трудовые вопросы;Коммерческий;https://obz-pravo.ru/labor.html;P1;;"Расширение семян; частотность и SERP-группировка не проверены"
юрист при увольнении в Бузулуке;Трудовые вопросы;Коммерческий;https://obz-pravo.ru/labor.html;P1;;"Расширение семян; частотность и SERP-группировка не проверены"
помощь при увольнении Бузулук;Трудовые вопросы;Коммерческий;https://obz-pravo.ru/labor.html;P1;;"Расширение семян; частотность и SERP-группировка не проверены"
помощь при увольнении в Бузулуке;Трудовые вопросы;Коммерческий;https://obz-pravo.ru/labor.html;P1;;"Расширение семян; частотность и SERP-группировка не проверены"
не выплатили зарплату юрист Бузулук;Трудовые вопросы;Коммерческий;https://obz-pravo.ru/labor.html;P1;;"Расширение семян; частотность и SERP-группировка не проверены"
не выплатили зарплату юрист в Бузулуке;Трудовые вопросы;Коммерческий;https://obz-pravo.ru/labor.html;P1;;"Расширение семян; частотность и SERP-группировка не проверены"
задержка зарплаты юридическая помощь Бузулук;Трудовые вопросы;Коммерческий;https://obz-pravo.ru/labor.html;P1;;"Расширение семян; частотность и SERP-группировка не проверены"
задержка зарплаты юридическая помощь в Бузулуке;Трудовые вопросы;Коммерческий;https://obz-pravo.ru/labor.html;P1;;"Расширение семян; частотность и SERP-группировка не проверены"
проверка трудового договора Бузулук;Трудовые вопросы;Коммерческий;https://obz-pravo.ru/labor.html;P1;;"Расширение семян; частотность и SERP-группировка не проверены"
проверка трудового договора в Бузулуке;Трудовые вопросы;Коммерческий;https://obz-pravo.ru/labor.html;P1;;"Расширение семян; частотность и SERP-группировка не проверены"
составление претензии работодателю Бузулук;Трудовые вопросы;Коммерческий;https://obz-pravo.ru/labor.html;P1;;"Расширение семян; частотность и SERP-группировка не проверены"
составление претензии работодателю в Бузулуке;Трудовые вопросы;Коммерческий;https://obz-pravo.ru/labor.html;P1;;"Расширение семян; частотность и SERP-группировка не проверены"
консультация по трудовому договору Бузулук;Трудовые вопросы;Коммерческий;https://obz-pravo.ru/labor.html;P1;;"Расширение семян; частотность и SERP-группировка не проверены"
консультация по трудовому договору в Бузулуке;Трудовые вопросы;Коммерческий;https://obz-pravo.ru/labor.html;P1;;"Расширение семян; частотность и SERP-группировка не проверены"
юрист спор с работодателем Бузулук;Трудовые вопросы;Коммерческий;https://obz-pravo.ru/labor.html;P1;;"Расширение семян; частотность и SERP-группировка не проверены"
юрист спор с работодателем в Бузулуке;Трудовые вопросы;Коммерческий;https://obz-pravo.ru/labor.html;P1;;"Расширение семян; частотность и SERP-группировка не проверены"
изменение условий труда консультация Бузулук;Трудовые вопросы;Коммерческий;https://obz-pravo.ru/labor.html;P1;;"Расширение семян; частотность и SERP-группировка не проверены"
изменение условий труда консультация в Бузулуке;Трудовые вопросы;Коммерческий;https://obz-pravo.ru/labor.html;P1;;"Расширение семян; частотность и SERP-группировка не проверены"
юрист по расчёту при увольнении Бузулук;Трудовые вопросы;Коммерческий;https://obz-pravo.ru/labor.html;P1;;"Расширение семян; частотность и SERP-группировка не проверены"
юрист по расчёту при увольнении в Бузулуке;Трудовые вопросы;Коммерческий;https://obz-pravo.ru/labor.html;P1;;"Расширение семян; частотность и SERP-группировка не проверены"
кадровые документы юрист Бузулук;Трудовые вопросы;Коммерческий;https://obz-pravo.ru/labor.html;P1;;"Расширение семян; частотность и SERP-группировка не проверены"
кадровые документы юрист в Бузулуке;Трудовые вопросы;Коммерческий;https://obz-pravo.ru/labor.html;P1;;"Расширение семян; частотность и SERP-группировка не проверены"
юрист по невыплате зарплаты Бузулук;Трудовые вопросы;Коммерческий;https://obz-pravo.ru/labor.html;P1;;"Расширение семян; частотность и SERP-группировка не проверены"
юрист по невыплате зарплаты в Бузулуке;Трудовые вопросы;Коммерческий;https://obz-pravo.ru/labor.html;P1;;"Расширение семян; частотность и SERP-группировка не проверены"
консультация по незаконному увольнению Бузулук;Трудовые вопросы;Коммерческий;https://obz-pravo.ru/labor.html;P1;;"Расширение семян; частотность и SERP-группировка не проверены"
консультация по незаконному увольнению в Бузулуке;Трудовые вопросы;Коммерческий;https://obz-pravo.ru/labor.html;P1;;"Расширение семян; частотность и SERP-группировка не проверены"
помощь работнику юрист Бузулук;Трудовые вопросы;Коммерческий;https://obz-pravo.ru/labor.html;P1;;"Расширение семян; частотность и SERP-группировка не проверены"
помощь работнику юрист в Бузулуке;Трудовые вопросы;Коммерческий;https://obz-pravo.ru/labor.html;P1;;"Расширение семян; частотность и SERP-группировка не проверены"
трудовой спор консультация Бузулук;Трудовые вопросы;Коммерческий;https://obz-pravo.ru/labor.html;P1;;"Расширение семян; частотность и SERP-группировка не проверены"
трудовой спор консультация в Бузулуке;Трудовые вопросы;Коммерческий;https://obz-pravo.ru/labor.html;P1;;"Расширение семян; частотность и SERP-группировка не проверены"
проверка договора юристом Бузулук;Договоры;Коммерческий;https://obz-pravo.ru/contracts.html;P1;;"Расширение семян; частотность и SERP-группировка не проверены"
проверка договора юристом в Бузулуке;Договоры;Коммерческий;https://obz-pravo.ru/contracts.html;P1;;"Расширение семян; частотность и SERP-группировка не проверены"
юрист по договорам Бузулук;Договоры;Коммерческий;https://obz-pravo.ru/contracts.html;P1;;"Расширение семян; частотность и SERP-группировка не проверены"
юрист по договорам в Бузулуке;Договоры;Коммерческий;https://obz-pravo.ru/contracts.html;P1;;"Расширение семян; частотность и SERP-группировка не проверены"
проверка договора цена Бузулук;Договоры;Коммерческий;https://obz-pravo.ru/contracts.html;P1;;"Расширение семян; частотность и SERP-группировка не проверены"
проверка договора цена в Бузулуке;Договоры;Коммерческий;https://obz-pravo.ru/contracts.html;P1;;"Расширение семян; частотность и SERP-группировка не проверены"
правовая экспертиза договора Бузулук;Договоры;Коммерческий;https://obz-pravo.ru/contracts.html;P1;;"Расширение семян; частотность и SERP-группировка не проверены"
правовая экспертиза договора в Бузулуке;Договоры;Коммерческий;https://obz-pravo.ru/contracts.html;P1;;"Расширение семян; частотность и SERP-группировка не проверены"
анализ договора юристом Бузулук;Договоры;Коммерческий;https://obz-pravo.ru/contracts.html;P1;;"Расширение семян; частотность и SERP-группировка не проверены"
анализ договора юристом в Бузулуке;Договоры;Коммерческий;https://obz-pravo.ru/contracts.html;P1;;"Расширение семян; частотность и SERP-группировка не проверены"
консультация по договору Бузулук;Договоры;Коммерческий;https://obz-pravo.ru/contracts.html;P1;;"Расширение семян; частотность и SERP-группировка не проверены"
консультация по договору в Бузулуке;Договоры;Коммерческий;https://obz-pravo.ru/contracts.html;P1;;"Расширение семян; частотность и SERP-группировка не проверены"
проверка договора перед подписанием Бузулук;Договоры;Коммерческий;https://obz-pravo.ru/contracts.html;P1;;"Расширение семян; частотность и SERP-группировка не проверены"
проверка договора перед подписанием в Бузулуке;Договоры;Коммерческий;https://obz-pravo.ru/contracts.html;P1;;"Расширение семян; частотность и SERP-группировка не проверены"
изменение условий договора юрист Бузулук;Договоры;Коммерческий;https://obz-pravo.ru/contracts.html;P1;;"Расширение семян; частотность и SERP-группировка не проверены"
изменение условий договора юрист в Бузулуке;Договоры;Коммерческий;https://obz-pravo.ru/contracts.html;P1;;"Расширение семян; частотность и SERP-группировка не проверены"
договорная работа юрист Бузулук;Договоры;Коммерческий;https://obz-pravo.ru/contracts.html;P1;;"Расширение семян; частотность и SERP-группировка не проверены"
договорная работа юрист в Бузулуке;Договоры;Коммерческий;https://obz-pravo.ru/contracts.html;P1;;"Расширение семян; частотность и SERP-группировка не проверены"
проверка договора услуг Бузулук;Договоры;Коммерческий;https://obz-pravo.ru/contracts.html;P1;;"Расширение семян; частотность и SERP-группировка не проверены"
проверка договора услуг в Бузулуке;Договоры;Коммерческий;https://obz-pravo.ru/contracts.html;P1;;"Расширение семян; частотность и SERP-группировка не проверены"
проверка договора подряда Бузулук;Договоры;Коммерческий;https://obz-pravo.ru/contracts.html;P1;;"Расширение семян; частотность и SERP-группировка не проверены"
проверка договора подряда в Бузулуке;Договоры;Коммерческий;https://obz-pravo.ru/contracts.html;P1;;"Расширение семян; частотность и SERP-группировка не проверены"
проверка договора поставки Бузулук;Договоры;Коммерческий;https://obz-pravo.ru/contracts.html;P1;;"Расширение семян; частотность и SERP-группировка не проверены"
проверка договора поставки в Бузулуке;Договоры;Коммерческий;https://obz-pravo.ru/contracts.html;P1;;"Расширение семян; частотность и SERP-группировка не проверены"
проверка договора займа Бузулук;Договоры;Коммерческий;https://obz-pravo.ru/contracts.html;P1;;"Расширение семян; частотность и SERP-группировка не проверены"
проверка договора займа в Бузулуке;Договоры;Коммерческий;https://obz-pravo.ru/contracts.html;P1;;"Расширение семян; частотность и SERP-группировка не проверены"
проверка договора аренды Бузулук;Договоры;Коммерческий;https://obz-pravo.ru/contracts.html;P1;;"Расширение семян; частотность и SERP-группировка не проверены"
проверка договора аренды в Бузулуке;Договоры;Коммерческий;https://obz-pravo.ru/contracts.html;P1;;"Расширение семян; частотность и SERP-группировка не проверены"
юрист составление договора Бузулук;Договоры;Коммерческий;https://obz-pravo.ru/contracts.html;P1;;"Расширение семян; частотность и SERP-группировка не проверены"
юрист составление договора в Бузулуке;Договоры;Коммерческий;https://obz-pravo.ru/contracts.html;P1;;"Расширение семян; частотность и SERP-группировка не проверены"
согласование договора юрист Бузулук;Договоры;Коммерческий;https://obz-pravo.ru/contracts.html;P1;;"Расширение семян; частотность и SERP-группировка не проверены"
согласование договора юрист в Бузулуке;Договоры;Коммерческий;https://obz-pravo.ru/contracts.html;P1;;"Расширение семян; частотность и SERP-группировка не проверены"
оценка рисков договора Бузулук;Договоры;Коммерческий;https://obz-pravo.ru/contracts.html;P1;;"Расширение семян; частотность и SERP-группировка не проверены"
оценка рисков договора в Бузулуке;Договоры;Коммерческий;https://obz-pravo.ru/contracts.html;P1;;"Расширение семян; частотность и SERP-группировка не проверены"
юрист по договорным спорам Бузулук;Договоры;Коммерческий;https://obz-pravo.ru/contracts.html;P1;;"Расширение семян; частотность и SERP-группировка не проверены"
юрист по договорным спорам в Бузулуке;Договоры;Коммерческий;https://obz-pravo.ru/contracts.html;P1;;"Расширение семян; частотность и SERP-группировка не проверены"
юрист по расторжению договора Бузулук;Договоры;Коммерческий;https://obz-pravo.ru/contracts.html;P1;;"Расширение семян; частотность и SERP-группировка не проверены"
юрист по расторжению договора в Бузулуке;Договоры;Коммерческий;https://obz-pravo.ru/contracts.html;P1;;"Расширение семян; частотность и SERP-группировка не проверены"
юрист по недвижимости Бузулук;Недвижимость;Коммерческий;https://obz-pravo.ru/real-estate.html;P2;5;"Wordstat: Бузулук 11086, все устройства, 04.09–04.10.2026 (экспорт), широкая частотность; SERP не проверен"
юрист по недвижимости в Бузулуке;Недвижимость;Коммерческий;https://obz-pravo.ru/real-estate.html;P2;;"Расширение семян; частотность и SERP-группировка не проверены"
консультация юриста по недвижимости Бузулук;Недвижимость;Коммерческий;https://obz-pravo.ru/real-estate.html;P2;;"Расширение семян; частотность и SERP-группировка не проверены"
консультация юриста по недвижимости в Бузулуке;Недвижимость;Коммерческий;https://obz-pravo.ru/real-estate.html;P2;;"Расширение семян; частотность и SERP-группировка не проверены"
проверка документов на квартиру Бузулук;Недвижимость;Коммерческий;https://obz-pravo.ru/real-estate.html;P2;;"Расширение семян; частотность и SERP-группировка не проверены"
проверка документов на квартиру в Бузулуке;Недвижимость;Коммерческий;https://obz-pravo.ru/real-estate.html;P2;;"Расширение семян; частотность и SERP-группировка не проверены"
проверка договора купли продажи Бузулук;Недвижимость;Коммерческий;https://obz-pravo.ru/real-estate.html;P2;;"Расширение семян; частотность и SERP-группировка не проверены"
проверка договора купли продажи в Бузулуке;Недвижимость;Коммерческий;https://obz-pravo.ru/real-estate.html;P2;;"Расширение семян; частотность и SERP-группировка не проверены"
юрист при покупке квартиры Бузулук;Недвижимость;Коммерческий;https://obz-pravo.ru/real-estate.html;P2;;"Расширение семян; частотность и SERP-группировка не проверены"
юрист при покупке квартиры в Бузулуке;Недвижимость;Коммерческий;https://obz-pravo.ru/real-estate.html;P2;;"Расширение семян; частотность и SERP-группировка не проверены"
юрист при продаже квартиры Бузулук;Недвижимость;Коммерческий;https://obz-pravo.ru/real-estate.html;P2;;"Расширение семян; частотность и SERP-группировка не проверены"
юрист при продаже квартиры в Бузулуке;Недвижимость;Коммерческий;https://obz-pravo.ru/real-estate.html;P2;;"Расширение семян; частотность и SERP-группировка не проверены"
юрист сделка с недвижимостью Бузулук;Недвижимость;Коммерческий;https://obz-pravo.ru/real-estate.html;P2;;"Расширение семян; частотность и SERP-группировка не проверены"
юрист сделка с недвижимостью в Бузулуке;Недвижимость;Коммерческий;https://obz-pravo.ru/real-estate.html;P2;;"Расширение семян; частотность и SERP-группировка не проверены"
консультация по аренде недвижимости Бузулук;Недвижимость;Коммерческий;https://obz-pravo.ru/real-estate.html;P2;;"Расширение семян; частотность и SERP-группировка не проверены"
консультация по аренде недвижимости в Бузулуке;Недвижимость;Коммерческий;https://obz-pravo.ru/real-estate.html;P2;;"Расширение семян; частотность и SERP-группировка не проверены"
юрист по договору аренды Бузулук;Недвижимость;Коммерческий;https://obz-pravo.ru/real-estate.html;P2;;"Расширение семян; частотность и SERP-группировка не проверены"
юрист по договору аренды в Бузулуке;Недвижимость;Коммерческий;https://obz-pravo.ru/real-estate.html;P2;;"Расширение семян; частотность и SERP-группировка не проверены"
проверка договора аренды квартиры Бузулук;Недвижимость;Коммерческий;https://obz-pravo.ru/real-estate.html;P2;;"Расширение семян; частотность и SERP-группировка не проверены"
проверка договора аренды квартиры в Бузулуке;Недвижимость;Коммерческий;https://obz-pravo.ru/real-estate.html;P2;;"Расширение семян; частотность и SERP-группировка не проверены"
юрист по купле продаже недвижимости Бузулук;Недвижимость;Коммерческий;https://obz-pravo.ru/real-estate.html;P2;;"Расширение семян; частотность и SERP-группировка не проверены"
юрист по купле продаже недвижимости в Бузулуке;Недвижимость;Коммерческий;https://obz-pravo.ru/real-estate.html;P2;;"Расширение семян; частотность и SERP-группировка не проверены"
юридическая проверка недвижимости Бузулук;Недвижимость;Коммерческий;https://obz-pravo.ru/real-estate.html;P2;;"Расширение семян; частотность и SERP-группировка не проверены"
юридическая проверка недвижимости в Бузулуке;Недвижимость;Коммерческий;https://obz-pravo.ru/real-estate.html;P2;;"Расширение семян; частотность и SERP-группировка не проверены"
проверка договора покупки дома Бузулук;Недвижимость;Коммерческий;https://obz-pravo.ru/real-estate.html;P2;;"Расширение семян; частотность и SERP-группировка не проверены"
проверка договора покупки дома в Бузулуке;Недвижимость;Коммерческий;https://obz-pravo.ru/real-estate.html;P2;;"Расширение семян; частотность и SERP-группировка не проверены"
юрист по регистрации недвижимости Бузулук;Недвижимость;Коммерческий;https://obz-pravo.ru/real-estate.html;P2;;"Расширение семян; частотность и SERP-группировка не проверены"
юрист по регистрации недвижимости в Бузулуке;Недвижимость;Коммерческий;https://obz-pravo.ru/real-estate.html;P2;;"Расширение семян; частотность и SERP-группировка не проверены"
юрист перед сделкой с квартирой Бузулук;Недвижимость;Коммерческий;https://obz-pravo.ru/real-estate.html;P2;;"Расширение семян; частотность и SERP-группировка не проверены"
юрист перед сделкой с квартирой в Бузулуке;Недвижимость;Коммерческий;https://obz-pravo.ru/real-estate.html;P2;;"Расширение семян; частотность и SERP-группировка не проверены"
консультация по продаже дома Бузулук;Недвижимость;Коммерческий;https://obz-pravo.ru/real-estate.html;P2;;"Расширение семян; частотность и SERP-группировка не проверены"
консультация по продаже дома в Бузулуке;Недвижимость;Коммерческий;https://obz-pravo.ru/real-estate.html;P2;;"Расширение семян; частотность и SERP-группировка не проверены"
проверка условий сделки с недвижимостью Бузулук;Недвижимость;Коммерческий;https://obz-pravo.ru/real-estate.html;P2;;"Расширение семян; частотность и SERP-группировка не проверены"
проверка условий сделки с недвижимостью в Бузулуке;Недвижимость;Коммерческий;https://obz-pravo.ru/real-estate.html;P2;;"Расширение семян; частотность и SERP-группировка не проверены"
юрист по аренде помещения Бузулук;Недвижимость;Коммерческий;https://obz-pravo.ru/real-estate.html;P2;;"Расширение семян; частотность и SERP-группировка не проверены"
юрист по аренде помещения в Бузулуке;Недвижимость;Коммерческий;https://obz-pravo.ru/real-estate.html;P2;;"Расширение семян; частотность и SERP-группировка не проверены"
составление претензии Бузулук;Претензии и суд;Коммерческий;https://obz-pravo.ru/court.html;P2;;"Расширение семян; частотность и SERP-группировка не проверены"
составление претензии в Бузулуке;Претензии и суд;Коммерческий;https://obz-pravo.ru/court.html;P2;;"Расширение семян; частотность и SERP-группировка не проверены"
юрист по претензиям Бузулук;Претензии и суд;Коммерческий;https://obz-pravo.ru/court.html;P2;;"Расширение семян; частотность и SERP-группировка не проверены"
юрист по претензиям в Бузулуке;Претензии и суд;Коммерческий;https://obz-pravo.ru/court.html;P2;;"Расширение семян; частотность и SERP-группировка не проверены"
подготовка ответа на претензию Бузулук;Претензии и суд;Коммерческий;https://obz-pravo.ru/court.html;P2;;"Расширение семян; частотность и SERP-группировка не проверены"
подготовка ответа на претензию в Бузулуке;Претензии и суд;Коммерческий;https://obz-pravo.ru/court.html;P2;;"Расширение семян; частотность и SERP-группировка не проверены"
досудебная претензия юрист Бузулук;Претензии и суд;Коммерческий;https://obz-pravo.ru/court.html;P2;;"Расширение семян; частотность и SERP-группировка не проверены"
досудебная претензия юрист в Бузулуке;Претензии и суд;Коммерческий;https://obz-pravo.ru/court.html;P2;;"Расширение семян; частотность и SERP-группировка не проверены"
составление искового заявления Бузулук;Претензии и суд;Коммерческий;https://obz-pravo.ru/court.html;P2;;"Расширение семян; частотность и SERP-группировка не проверены"
составление искового заявления в Бузулуке;Претензии и суд;Коммерческий;https://obz-pravo.ru/court.html;P2;;"Расширение семян; частотность и SERP-группировка не проверены"
подготовка иска юрист Бузулук;Претензии и суд;Коммерческий;https://obz-pravo.ru/court.html;P2;;"Расширение семян; частотность и SERP-группировка не проверены"
подготовка иска юрист в Бузулуке;Претензии и суд;Коммерческий;https://obz-pravo.ru/court.html;P2;;"Расширение семян; частотность и SERP-группировка не проверены"
судебное представительство Бузулук;Претензии и суд;Коммерческий;https://obz-pravo.ru/court.html;P2;;"Расширение семян; частотность и SERP-группировка не проверены"
судебное представительство в Бузулуке;Претензии и суд;Коммерческий;https://obz-pravo.ru/court.html;P2;;"Расширение семян; частотность и SERP-группировка не проверены"
юрист для суда Бузулук;Претензии и суд;Коммерческий;https://obz-pravo.ru/court.html;P2;;"Расширение семян; частотность и SERP-группировка не проверены"
юрист для суда в Бузулуке;Претензии и суд;Коммерческий;https://obz-pravo.ru/court.html;P2;;"Расширение семян; частотность и SERP-группировка не проверены"
сопровождение дела в суде Бузулук;Претензии и суд;Коммерческий;https://obz-pravo.ru/court.html;P2;;"Расширение семян; частотность и SERP-группировка не проверены"
сопровождение дела в суде в Бузулуке;Претензии и суд;Коммерческий;https://obz-pravo.ru/court.html;P2;;"Расширение семян; частотность и SERP-группировка не проверены"
юрист по гражданским спорам Бузулук;Претензии и суд;Коммерческий;https://obz-pravo.ru/court.html;P2;;"Расширение семян; частотность и SERP-группировка не проверены"
юрист по гражданским спорам в Бузулуке;Претензии и суд;Коммерческий;https://obz-pravo.ru/court.html;P2;;"Расширение семян; частотность и SERP-группировка не проверены"
консультация по судебному спору Бузулук;Претензии и суд;Коммерческий;https://obz-pravo.ru/court.html;P2;;"Расширение семян; частотность и SERP-группировка не проверены"
консультация по судебному спору в Бузулуке;Претензии и суд;Коммерческий;https://obz-pravo.ru/court.html;P2;;"Расширение семян; частотность и SERP-группировка не проверены"
стоимость судебного представительства Бузулук;Претензии и суд;Коммерческий;https://obz-pravo.ru/court.html;P2;;"Расширение семян; частотность и SERP-группировка не проверены"
стоимость судебного представительства в Бузулуке;Претензии и суд;Коммерческий;https://obz-pravo.ru/court.html;P2;;"Расширение семян; частотность и SERP-группировка не проверены"
подготовка судебных документов Бузулук;Претензии и суд;Коммерческий;https://obz-pravo.ru/court.html;P2;;"Расширение семян; частотность и SERP-группировка не проверены"
подготовка судебных документов в Бузулуке;Претензии и суд;Коммерческий;https://obz-pravo.ru/court.html;P2;;"Расширение семян; частотность и SERP-группировка не проверены"
юрист правовая позиция по спору Бузулук;Претензии и суд;Коммерческий;https://obz-pravo.ru/court.html;P2;;"Расширение семян; частотность и SERP-группировка не проверены"
юрист правовая позиция по спору в Бузулуке;Претензии и суд;Коммерческий;https://obz-pravo.ru/court.html;P2;;"Расширение семян; частотность и SERP-группировка не проверены"
помощь по исковому заявлению Бузулук;Претензии и суд;Коммерческий;https://obz-pravo.ru/court.html;P2;;"Расширение семян; частотность и SERP-группировка не проверены"
помощь по исковому заявлению в Бузулуке;Претензии и суд;Коммерческий;https://obz-pravo.ru/court.html;P2;;"Расширение семян; частотность и SERP-группировка не проверены"
юрист по взысканию задолженности Бузулук;Претензии и суд;Коммерческий;https://obz-pravo.ru/court.html;P2;;"Расширение семян; частотность и SERP-группировка не проверены"
юрист по взысканию задолженности в Бузулуке;Претензии и суд;Коммерческий;https://obz-pravo.ru/court.html;P2;;"Расширение семян; частотность и SERP-группировка не проверены"
ответ на иск юрист Бузулук;Претензии и суд;Коммерческий;https://obz-pravo.ru/court.html;P2;;"Расширение семян; частотность и SERP-группировка не проверены"
ответ на иск юрист в Бузулуке;Претензии и суд;Коммерческий;https://obz-pravo.ru/court.html;P2;;"Расширение семян; частотность и SERP-группировка не проверены"
судебное сопровождение юрист Бузулук;Претензии и суд;Коммерческий;https://obz-pravo.ru/court.html;P2;;"Расширение семян; частотность и SERP-группировка не проверены"
судебное сопровождение юрист в Бузулуке;Претензии и суд;Коммерческий;https://obz-pravo.ru/court.html;P2;;"Расширение семян; частотность и SERP-группировка не проверены"
юрист для бизнеса Бузулук;Бизнес;Коммерческий;https://obz-pravo.ru/business.html;P2;;"Расширение семян; частотность и SERP-группировка не проверены"
юрист для бизнеса в Бузулуке;Бизнес;Коммерческий;https://obz-pravo.ru/business.html;P2;;"Расширение семян; частотность и SERP-группировка не проверены"
юридическая помощь бизнесу Бузулук;Бизнес;Коммерческий;https://obz-pravo.ru/business.html;P2;;"Расширение семян; частотность и SERP-группировка не проверены"
юридическая помощь бизнесу в Бузулуке;Бизнес;Коммерческий;https://obz-pravo.ru/business.html;P2;;"Расширение семян; частотность и SERP-группировка не проверены"
юрист для организации Бузулук;Бизнес;Коммерческий;https://obz-pravo.ru/business.html;P2;;"Расширение семян; частотность и SERP-группировка не проверены"
юрист для организации в Бузулуке;Бизнес;Коммерческий;https://obz-pravo.ru/business.html;P2;;"Расширение семян; частотность и SERP-группировка не проверены"
правовое сопровождение организаций Бузулук;Бизнес;Коммерческий;https://obz-pravo.ru/business.html;P2;;"Расширение семян; частотность и SERP-группировка не проверены"
правовое сопровождение организаций в Бузулуке;Бизнес;Коммерческий;https://obz-pravo.ru/business.html;P2;;"Расширение семян; частотность и SERP-группировка не проверены"
юридическое сопровождение бизнеса Бузулук;Бизнес;Коммерческий;https://obz-pravo.ru/business.html;P2;;"Расширение семян; частотность и SERP-группировка не проверены"
юридическое сопровождение бизнеса в Бузулуке;Бизнес;Коммерческий;https://obz-pravo.ru/business.html;P2;;"Расширение семян; частотность и SERP-группировка не проверены"
кадровая работа юрист Бузулук;Бизнес;Коммерческий;https://obz-pravo.ru/business.html;P2;;"Расширение семян; частотность и SERP-группировка не проверены"
кадровая работа юрист в Бузулуке;Бизнес;Коммерческий;https://obz-pravo.ru/business.html;P2;;"Расширение семян; частотность и SERP-группировка не проверены"
проверка договоров для бизнеса Бузулук;Бизнес;Коммерческий;https://obz-pravo.ru/business.html;P2;;"Расширение семян; частотность и SERP-группировка не проверены"
проверка договоров для бизнеса в Бузулуке;Бизнес;Коммерческий;https://obz-pravo.ru/business.html;P2;;"Расширение семян; частотность и SERP-группировка не проверены"
претензионная работа для бизнеса Бузулук;Бизнес;Коммерческий;https://obz-pravo.ru/business.html;P2;;"Расширение семян; частотность и SERP-группировка не проверены"
претензионная работа для бизнеса в Бузулуке;Бизнес;Коммерческий;https://obz-pravo.ru/business.html;P2;;"Расширение семян; частотность и SERP-группировка не проверены"
юрист договорная работа Бузулук;Бизнес;Коммерческий;https://obz-pravo.ru/business.html;P2;;"Расширение семян; частотность и SERP-группировка не проверены"
юрист договорная работа в Бузулуке;Бизнес;Коммерческий;https://obz-pravo.ru/business.html;P2;;"Расширение семян; частотность и SERP-группировка не проверены"
консультация юриста для ИП Бузулук;Бизнес;Коммерческий;https://obz-pravo.ru/business.html;P2;;"Расширение семян; частотность и SERP-группировка не проверены"
консультация юриста для ИП в Бузулуке;Бизнес;Коммерческий;https://obz-pravo.ru/business.html;P2;;"Расширение семян; частотность и SERP-группировка не проверены"
юрист для ООО Бузулук;Бизнес;Коммерческий;https://obz-pravo.ru/business.html;P2;;"Расширение семян; частотность и SERP-группировка не проверены"
юрист для ООО в Бузулуке;Бизнес;Коммерческий;https://obz-pravo.ru/business.html;P2;;"Расширение семян; частотность и SERP-группировка не проверены"
юрист по закупкам Бузулук;Бизнес;Коммерческий;https://obz-pravo.ru/business.html;P2;;"Расширение семян; частотность и SERP-группировка не проверены"
юрист по закупкам в Бузулуке;Бизнес;Коммерческий;https://obz-pravo.ru/business.html;P2;;"Расширение семян; частотность и SERP-группировка не проверены"
консультация по 44 фз Бузулук;Бизнес;Коммерческий;https://obz-pravo.ru/business.html;P2;;"Расширение семян; частотность и SERP-группировка не проверены"
консультация по 44 фз в Бузулуке;Бизнес;Коммерческий;https://obz-pravo.ru/business.html;P2;;"Расширение семян; частотность и SERP-группировка не проверены"
консультация по 223 фз Бузулук;Бизнес;Коммерческий;https://obz-pravo.ru/business.html;P2;;"Расширение семян; частотность и SERP-группировка не проверены"
консультация по 223 фз в Бузулуке;Бизнес;Коммерческий;https://obz-pravo.ru/business.html;P2;;"Расширение семян; частотность и SERP-группировка не проверены"
юрист строительная организация Бузулук;Бизнес;Коммерческий;https://obz-pravo.ru/business.html;P2;;"Расширение семян; частотность и SERP-группировка не проверены"
юрист строительная организация в Бузулуке;Бизнес;Коммерческий;https://obz-pravo.ru/business.html;P2;;"Расширение семян; частотность и SERP-группировка не проверены"
юрист транспортная организация Бузулук;Бизнес;Коммерческий;https://obz-pravo.ru/business.html;P2;;"Расширение семян; частотность и SERP-группировка не проверены"
юрист транспортная организация в Бузулуке;Бизнес;Коммерческий;https://obz-pravo.ru/business.html;P2;;"Расширение семян; частотность и SERP-группировка не проверены"
консультация по кадровым документам Бузулук;Бизнес;Коммерческий;https://obz-pravo.ru/business.html;P2;;"Расширение семян; частотность и SERP-группировка не проверены"
консультация по кадровым документам в Бузулуке;Бизнес;Коммерческий;https://obz-pravo.ru/business.html;P2;;"Расширение семян; частотность и SERP-группировка не проверены"
