Фраза;Кластер;Интент;Основная посадочная;Приоритет;Wordstat широкая;Регион измерения;Устройства;Период CSV;Дата выгрузки;Источник значения;Источник фразы;Статус
юрист Бузулук;Главная;Коммерческий;https://obz-pravo.ru/;P1;351;Бузулук (11086);Все;04.09.2026–04.10.2026;05.10.2026;wordstat-region-buzuluk.csv;"semantic-core.csv; перенос 226 проектных фраз";"Наблюдение Wordstat, широкая частотность; SERP и пригодность интента не проверены"
юрист в Бузулуке;Главная;Коммерческий;https://obz-pravo.ru/;P1;;;;;;;"semantic-core.csv; перенос 226 проектных фраз";"Гипотеза; частотность и SERP не проверены"
частный юрист Бузулук;Главная;Коммерческий;https://obz-pravo.ru/;P1;;;;;;;"semantic-core.csv; перенос 226 проектных фраз";"Гипотеза; частотность и SERP не проверены"
частный юрист в Бузулуке;Главная;Коммерческий;https://obz-pravo.ru/;P1;;;;;;;"semantic-core.csv; перенос 226 проектных фраз";"Гипотеза; частотность и SERP не проверены"
юридическая помощь Бузулук;Главная;Коммерческий;https://obz-pravo.ru/;P1;;;;;;;"semantic-core.csv; перенос 226 проектных фраз";"Гипотеза; частотность и SERP не проверены"
юридическая помощь в Бузулуке;Главная;Коммерческий;https://obz-pravo.ru/;P1;;;;;;;"semantic-core.csv; перенос 226 проектных фраз";"Гипотеза; частотность и SERP не проверены"
услуги юриста Бузулук;Услуги;Коммерческий;https://obz-pravo.ru/uslugi/;P1;;;;;;;"semantic-core.csv; перенос 226 проектных фраз";"Гипотеза; частотность и SERP не проверены"
услуги юриста в Бузулуке;Услуги;Коммерческий;https://obz-pravo.ru/uslugi/;P1;;;;;;;"semantic-core.csv; перенос 226 проектных фраз";"Гипотеза; частотность и SERP не проверены"
юрист телефон Бузулук;Контакты;Коммерческий;https://obz-pravo.ru/kontakty/;P1;23;Бузулук (11086);Все;04.09.2026–04.10.2026;05.10.2026;wordstat-region-buzuluk.csv;"semantic-core.csv; перенос 226 проектных фраз";"Наблюдение Wordstat, широкая частотность; SERP и пригодность интента не проверены"
юрист телефон в Бузулуке;Контакты;Коммерческий;https://obz-pravo.ru/kontakty/;P1;;;;;;;"semantic-core.csv; перенос 226 проектных фраз";"Гипотеза; частотность и SERP не проверены"
юрист адрес Бузулук;Контакты;Коммерческий;https://obz-pravo.ru/kontakty/;P1;;;;;;;"semantic-core.csv; перенос 226 проектных фраз";"Гипотеза; частотность и SERP не проверены"
юрист адрес в Бузулуке;Контакты;Коммерческий;https://obz-pravo.ru/kontakty/;P1;;;;;;;"semantic-core.csv; перенос 226 проектных фраз";"Гипотеза; частотность и SERP не проверены"
юрист стоимость Бузулук;Стоимость;Коммерческий;https://obz-pravo.ru/stoimost/;P1;;;;;;;"semantic-core.csv; перенос 226 проектных фраз";"Гипотеза; частотность и SERP не проверены"
юрист стоимость в Бузулуке;Стоимость;Коммерческий;https://obz-pravo.ru/stoimost/;P1;;;;;;;"semantic-core.csv; перенос 226 проектных фраз";"Гипотеза; частотность и SERP не проверены"
юридические услуги Бузулук;Услуги;Коммерческий;https://obz-pravo.ru/uslugi/;P1;;;;;;;"semantic-core.csv; перенос 226 проектных фраз";"Гипотеза; частотность и SERP не проверены"
юридические услуги в Бузулуке;Услуги;Коммерческий;https://obz-pravo.ru/uslugi/;P1;;;;;;;"semantic-core.csv; перенос 226 проектных фраз";"Гипотеза; частотность и SERP не проверены"
юрист Светлана Якунина Бузулук;О юристе;Коммерческий;https://obz-pravo.ru/ob-yuriste/;P1;;;;;;;"semantic-core.csv; перенос 226 проектных фраз";"Гипотеза; частотность и SERP не проверены"
юрист Светлана Якунина в Бузулуке;О юристе;Коммерческий;https://obz-pravo.ru/ob-yuriste/;P1;;;;;;;"semantic-core.csv; перенос 226 проектных фраз";"Гипотеза; частотность и SERP не проверены"
Светлана Якунина юрист Бузулук;О юристе;Коммерческий;https://obz-pravo.ru/ob-yuriste/;P1;;;;;;;"semantic-core.csv; перенос 226 проектных фраз";"Гипотеза; частотность и SERP не проверены"
Светлана Якунина юрист в Бузулуке;О юристе;Коммерческий;https://obz-pravo.ru/ob-yuriste/;P1;;;;;;;"semantic-core.csv; перенос 226 проектных фраз";"Гипотеза; частотность и SERP не проверены"
консультация юриста Бузулук;Консультация;Коммерческий;https://obz-pravo.ru/uslugi/konsultaciya/;P1;;;;;;;"semantic-core.csv; перенос 226 проектных фраз";"Гипотеза; частотность и SERP не проверены"
консультация юриста в Бузулуке;Консультация;Коммерческий;https://obz-pravo.ru/uslugi/konsultaciya/;P1;;;;;;;"semantic-core.csv; перенос 226 проектных фраз";"Гипотеза; частотность и SERP не проверены"
юридическая консультация Бузулук;Консультация;Коммерческий;https://obz-pravo.ru/uslugi/konsultaciya/;P1;;;;;;;"semantic-core.csv; перенос 226 проектных фраз";"Гипотеза; частотность и SERP не проверены"
юридическая консультация в Бузулуке;Консультация;Коммерческий;https://obz-pravo.ru/uslugi/konsultaciya/;P1;;;;;;;"semantic-core.csv; перенос 226 проектных фраз";"Гипотеза; частотность и SERP не проверены"
платная консультация юриста Бузулук;Консультация;Коммерческий;https://obz-pravo.ru/uslugi/konsultaciya/;P1;;;;;;;"semantic-core.csv; перенос 226 проектных фраз";"Гипотеза; частотность и SERP не проверены"
платная консультация юриста в Бузулуке;Консультация;Коммерческий;https://obz-pravo.ru/uslugi/konsultaciya/;P1;;;;;;;"semantic-core.csv; перенос 226 проектных фраз";"Гипотеза; частотность и SERP не проверены"
записаться к юристу Бузулук;Запись;Коммерческий;https://obz-pravo.ru/zapis-na-priem/;P1;;;;;;;"semantic-core.csv; перенос 226 проектных фраз";"Гипотеза; частотность и SERP не проверены"
записаться к юристу в Бузулуке;Запись;Коммерческий;https://obz-pravo.ru/zapis-na-priem/;P1;;;;;;;"semantic-core.csv; перенос 226 проектных фраз";"Гипотеза; частотность и SERP не проверены"
стоимость консультации юриста Бузулук;Консультация;Коммерческий;https://obz-pravo.ru/uslugi/konsultaciya/;P1;;;;;;;"semantic-core.csv; перенос 226 проектных фраз";"Гипотеза; частотность и SERP не проверены"
стоимость консультации юриста в Бузулуке;Консультация;Коммерческий;https://obz-pravo.ru/uslugi/konsultaciya/;P1;;;;;;;"semantic-core.csv; перенос 226 проектных фраз";"Гипотеза; частотность и SERP не проверены"
цена консультации юриста Бузулук;Консультация;Коммерческий;https://obz-pravo.ru/uslugi/konsultaciya/;P1;;;;;;;"semantic-core.csv; перенос 226 проектных фраз";"Гипотеза; частотность и SERP не проверены"
цена консультации юриста в Бузулуке;Консультация;Коммерческий;https://obz-pravo.ru/uslugi/konsultaciya/;P1;;;;;;;"semantic-core.csv; перенос 226 проектных фраз";"Гипотеза; частотность и SERP не проверены"
первичная консультация юриста Бузулук;Консультация;Коммерческий;https://obz-pravo.ru/uslugi/konsultaciya/;P1;;;;;;;"semantic-core.csv; перенос 226 проектных фраз";"Гипотеза; частотность и SERP не проверены"
первичная консультация юриста в Бузулуке;Консультация;Коммерческий;https://obz-pravo.ru/uslugi/konsultaciya/;P1;;;;;;;"semantic-core.csv; перенос 226 проектных фраз";"Гипотеза; частотность и SERP не проверены"
консультация по документам Бузулук;Консультация;Коммерческий;https://obz-pravo.ru/uslugi/konsultaciya/;P1;;;;;;;"semantic-core.csv; перенос 226 проектных фраз";"Гипотеза; частотность и SERP не проверены"
консультация по документам в Бузулуке;Консультация;Коммерческий;https://obz-pravo.ru/uslugi/konsultaciya/;P1;;;;;;;"semantic-core.csv; перенос 226 проектных фраз";"Гипотеза; частотность и SERP не проверены"
правовая консультация Бузулук;Консультация;Коммерческий;https://obz-pravo.ru/uslugi/konsultaciya/;P1;;;;;;;"semantic-core.csv; перенос 226 проектных фраз";"Гипотеза; частотность и SERP не проверены"
правовая консультация в Бузулуке;Консультация;Коммерческий;https://obz-pravo.ru/uslugi/konsultaciya/;P1;;;;;;;"semantic-core.csv; перенос 226 проектных фраз";"Гипотеза; частотность и SERP не проверены"
задать вопрос юристу Бузулук;Запись;Коммерческий;https://obz-pravo.ru/zapis-na-priem/;P1;;;;;;;"semantic-core.csv; перенос 226 проектных фраз";"Гипотеза; частотность и SERP не проверены"
задать вопрос юристу в Бузулуке;Запись;Коммерческий;https://obz-pravo.ru/zapis-na-priem/;P1;;;;;;;"semantic-core.csv; перенос 226 проектных фраз";"Гипотеза; частотность и SERP не проверены"
помощь юриста консультация Бузулук;Консультация;Коммерческий;https://obz-pravo.ru/uslugi/konsultaciya/;P1;;;;;;;"semantic-core.csv; перенос 226 проектных фраз";"Гипотеза; частотность и SERP не проверены"
помощь юриста консультация в Бузулуке;Консультация;Коммерческий;https://obz-pravo.ru/uslugi/konsultaciya/;P1;;;;;;;"semantic-core.csv; перенос 226 проектных фраз";"Гипотеза; частотность и SERP не проверены"
консультация частного юриста Бузулук;Консультация;Коммерческий;https://obz-pravo.ru/uslugi/konsultaciya/;P1;;;;;;;"semantic-core.csv; перенос 226 проектных фраз";"Гипотеза; частотность и SERP не проверены"
консультация частного юриста в Бузулуке;Консультация;Коммерческий;https://obz-pravo.ru/uslugi/konsultaciya/;P1;;;;;;;"semantic-core.csv; перенос 226 проектных фраз";"Гипотеза; частотность и SERP не проверены"
юрист по трудовому праву Бузулук;Трудовые вопросы;Коммерческий;https://obz-pravo.ru/uslugi/trudovye-spory/;P1;;;;;;;"semantic-core.csv; перенос 226 проектных фраз";"Гипотеза; частотность и SERP не проверены"
юрист по трудовому праву в Бузулуке;Трудовые вопросы;Коммерческий;https://obz-pravo.ru/uslugi/trudovye-spory/;P1;;;;;;;"semantic-core.csv; перенос 226 проектных фраз";"Гипотеза; частотность и SERP не проверены"
юрист по трудовым спорам Бузулук;Трудовые вопросы;Коммерческий;https://obz-pravo.ru/uslugi/trudovye-spory/;P1;;;;;;;"semantic-core.csv; перенос 226 проектных фраз";"Гипотеза; частотность и SERP не проверены"
юрист по трудовым спорам в Бузулуке;Трудовые вопросы;Коммерческий;https://obz-pravo.ru/uslugi/trudovye-spory/;P1;;;;;;;"semantic-core.csv; перенос 226 проектных фраз";"Гипотеза; частотность и SERP не проверены"
консультация по трудовому праву Бузулук;Трудовые вопросы;Коммерческий;https://obz-pravo.ru/uslugi/trudovye-spory/;P1;;;;;;;"semantic-core.csv; перенос 226 проектных фраз";"Гипотеза; частотность и SERP не проверены"
консультация по трудовому праву в Бузулуке;Трудовые вопросы;Коммерческий;https://obz-pravo.ru/uslugi/trudovye-spory/;P1;;;;;;;"semantic-core.csv; перенос 226 проектных фраз";"Гипотеза; частотность и SERP не проверены"
трудовой юрист Бузулук;Трудовые вопросы;Коммерческий;https://obz-pravo.ru/uslugi/trudovye-spory/;P1;;;;;;;"semantic-core.csv; перенос 226 проектных фраз";"Гипотеза; частотность и SERP не проверены"
трудовой юрист в Бузулуке;Трудовые вопросы;Коммерческий;https://obz-pravo.ru/uslugi/trudovye-spory/;P1;;;;;;;"semantic-core.csv; перенос 226 проектных фраз";"Гипотеза; частотность и SERP не проверены"
юрист при увольнении Бузулук;Трудовые вопросы;Коммерческий;https://obz-pravo.ru/uslugi/trudovye-spory/;P1;;;;;;;"semantic-core.csv; перенос 226 проектных фраз";"Гипотеза; частотность и SERP не проверены"
юрист при увольнении в Бузулуке;Трудовые вопросы;Коммерческий;https://obz-pravo.ru/uslugi/trudovye-spory/;P1;;;;;;;"semantic-core.csv; перенос 226 проектных фраз";"Гипотеза; частотность и SERP не проверены"
помощь при увольнении Бузулук;Трудовые вопросы;Коммерческий;https://obz-pravo.ru/uslugi/trudovye-spory/;P1;;;;;;;"semantic-core.csv; перенос 226 проектных фраз";"Гипотеза; частотность и SERP не проверены"
помощь при увольнении в Бузулуке;Трудовые вопросы;Коммерческий;https://obz-pravo.ru/uslugi/trudovye-spory/;P1;;;;;;;"semantic-core.csv; перенос 226 проектных фраз";"Гипотеза; частотность и SERP не проверены"
не выплатили зарплату юрист Бузулук;Трудовые вопросы;Коммерческий;https://obz-pravo.ru/uslugi/trudovye-spory/;P1;;;;;;;"semantic-core.csv; перенос 226 проектных фраз";"Гипотеза; частотность и SERP не проверены"
не выплатили зарплату юрист в Бузулуке;Трудовые вопросы;Коммерческий;https://obz-pravo.ru/uslugi/trudovye-spory/;P1;;;;;;;"semantic-core.csv; перенос 226 проектных фраз";"Гипотеза; частотность и SERP не проверены"
задержка зарплаты юридическая помощь Бузулук;Трудовые вопросы;Коммерческий;https://obz-pravo.ru/uslugi/trudovye-spory/;P1;;;;;;;"semantic-core.csv; перенос 226 проектных фраз";"Гипотеза; частотность и SERP не проверены"
задержка зарплаты юридическая помощь в Бузулуке;Трудовые вопросы;Коммерческий;https://obz-pravo.ru/uslugi/trudovye-spory/;P1;;;;;;;"semantic-core.csv; перенос 226 проектных фраз";"Гипотеза; частотность и SERP не проверены"
проверка трудового договора Бузулук;Трудовые вопросы;Коммерческий;https://obz-pravo.ru/uslugi/trudovye-spory/;P1;;;;;;;"semantic-core.csv; перенос 226 проектных фраз";"Гипотеза; частотность и SERP не проверены"
проверка трудового договора в Бузулуке;Трудовые вопросы;Коммерческий;https://obz-pravo.ru/uslugi/trudovye-spory/;P1;;;;;;;"semantic-core.csv; перенос 226 проектных фраз";"Гипотеза; частотность и SERP не проверены"
составление претензии работодателю Бузулук;Трудовые вопросы;Коммерческий;https://obz-pravo.ru/uslugi/trudovye-spory/;P1;;;;;;;"semantic-core.csv; перенос 226 проектных фраз";"Гипотеза; частотность и SERP не проверены; уточнить применимость к подтверждённым документам и категории спора"
составление претензии работодателю в Бузулуке;Трудовые вопросы;Коммерческий;https://obz-pravo.ru/uslugi/trudovye-spory/;P1;;;;;;;"semantic-core.csv; перенос 226 проектных фраз";"Гипотеза; частотность и SERP не проверены; уточнить применимость к подтверждённым документам и категории спора"
консультация по трудовому договору Бузулук;Трудовые вопросы;Коммерческий;https://obz-pravo.ru/uslugi/trudovye-spory/;P1;;;;;;;"semantic-core.csv; перенос 226 проектных фраз";"Гипотеза; частотность и SERP не проверены"
консультация по трудовому договору в Бузулуке;Трудовые вопросы;Коммерческий;https://obz-pravo.ru/uslugi/trudovye-spory/;P1;;;;;;;"semantic-core.csv; перенос 226 проектных фраз";"Гипотеза; частотность и SERP не проверены"
юрист спор с работодателем Бузулук;Трудовые вопросы;Коммерческий;https://obz-pravo.ru/uslugi/trudovye-spory/;P1;;;;;;;"semantic-core.csv; перенос 226 проектных фраз";"Гипотеза; частотность и SERP не проверены"
юрист спор с работодателем в Бузулуке;Трудовые вопросы;Коммерческий;https://obz-pravo.ru/uslugi/trudovye-spory/;P1;;;;;;;"semantic-core.csv; перенос 226 проектных фраз";"Гипотеза; частотность и SERP не проверены"
изменение условий труда консультация Бузулук;Трудовые вопросы;Коммерческий;https://obz-pravo.ru/uslugi/trudovye-spory/;P1;;;;;;;"semantic-core.csv; перенос 226 проектных фраз";"Гипотеза; частотность и SERP не проверены"
изменение условий труда консультация в Бузулуке;Трудовые вопросы;Коммерческий;https://obz-pravo.ru/uslugi/trudovye-spory/;P1;;;;;;;"semantic-core.csv; перенос 226 проектных фраз";"Гипотеза; частотность и SERP не проверены"
юрист по расчёту при увольнении Бузулук;Трудовые вопросы;Коммерческий;https://obz-pravo.ru/uslugi/trudovye-spory/;P1;;;;;;;"semantic-core.csv; перенос 226 проектных фраз";"Гипотеза; частотность и SERP не проверены"
юрист по расчёту при увольнении в Бузулуке;Трудовые вопросы;Коммерческий;https://obz-pravo.ru/uslugi/trudovye-spory/;P1;;;;;;;"semantic-core.csv; перенос 226 проектных фраз";"Гипотеза; частотность и SERP не проверены"
кадровые документы юрист Бузулук;Трудовые вопросы;Коммерческий;https://obz-pravo.ru/uslugi/trudovye-spory/;P1;;;;;;;"semantic-core.csv; перенос 226 проектных фраз";"Гипотеза; частотность и SERP не проверены"
кадровые документы юрист в Бузулуке;Трудовые вопросы;Коммерческий;https://obz-pravo.ru/uslugi/trudovye-spory/;P1;;;;;;;"semantic-core.csv; перенос 226 проектных фраз";"Гипотеза; частотность и SERP не проверены"
юрист по невыплате зарплаты Бузулук;Трудовые вопросы;Коммерческий;https://obz-pravo.ru/uslugi/trudovye-spory/;P1;;;;;;;"semantic-core.csv; перенос 226 проектных фраз";"Гипотеза; частотность и SERP не проверены"
юрист по невыплате зарплаты в Бузулуке;Трудовые вопросы;Коммерческий;https://obz-pravo.ru/uslugi/trudovye-spory/;P1;;;;;;;"semantic-core.csv; перенос 226 проектных фраз";"Гипотеза; частотность и SERP не проверены"
консультация по незаконному увольнению Бузулук;Трудовые вопросы;Коммерческий;https://obz-pravo.ru/uslugi/trudovye-spory/;P1;;;;;;;"semantic-core.csv; перенос 226 проектных фраз";"Гипотеза; частотность и SERP не проверены"
консультация по незаконному увольнению в Бузулуке;Трудовые вопросы;Коммерческий;https://obz-pravo.ru/uslugi/trudovye-spory/;P1;;;;;;;"semantic-core.csv; перенос 226 проектных фраз";"Гипотеза; частотность и SERP не проверены"
помощь работнику юрист Бузулук;Трудовые вопросы;Коммерческий;https://obz-pravo.ru/uslugi/trudovye-spory/;P1;;;;;;;"semantic-core.csv; перенос 226 проектных фраз";"Гипотеза; частотность и SERP не проверены"
помощь работнику юрист в Бузулуке;Трудовые вопросы;Коммерческий;https://obz-pravo.ru/uslugi/trudovye-spory/;P1;;;;;;;"semantic-core.csv; перенос 226 проектных фраз";"Гипотеза; частотность и SERP не проверены"
трудовой спор консультация Бузулук;Трудовые вопросы;Коммерческий;https://obz-pravo.ru/uslugi/trudovye-spory/;P1;;;;;;;"semantic-core.csv; перенос 226 проектных фраз";"Гипотеза; частотность и SERP не проверены"
трудовой спор консультация в Бузулуке;Трудовые вопросы;Коммерческий;https://obz-pravo.ru/uslugi/trudovye-spory/;P1;;;;;;;"semantic-core.csv; перенос 226 проектных фраз";"Гипотеза; частотность и SERP не проверены"
проверка договора юристом Бузулук;Договоры;Коммерческий;https://obz-pravo.ru/uslugi/dogovory/;P1;;;;;;;"semantic-core.csv; перенос 226 проектных фраз";"Гипотеза; частотность и SERP не проверены"
проверка договора юристом в Бузулуке;Договоры;Коммерческий;https://obz-pravo.ru/uslugi/dogovory/;P1;;;;;;;"semantic-core.csv; перенос 226 проектных фраз";"Гипотеза; частотность и SERP не проверены"
юрист по договорам Бузулук;Договоры;Коммерческий;https://obz-pravo.ru/uslugi/dogovory/;P1;;;;;;;"semantic-core.csv; перенос 226 проектных фраз";"Гипотеза; частотность и SERP не проверены"
юрист по договорам в Бузулуке;Договоры;Коммерческий;https://obz-pravo.ru/uslugi/dogovory/;P1;;;;;;;"semantic-core.csv; перенос 226 проектных фраз";"Гипотеза; частотность и SERP не проверены"
проверка договора цена Бузулук;Договоры;Коммерческий;https://obz-pravo.ru/uslugi/dogovory/;P1;;;;;;;"semantic-core.csv; перенос 226 проектных фраз";"Гипотеза; частотность и SERP не проверены"
проверка договора цена в Бузулуке;Договоры;Коммерческий;https://obz-pravo.ru/uslugi/dogovory/;P1;;;;;;;"semantic-core.csv; перенос 226 проектных фраз";"Гипотеза; частотность и SERP не проверены"
правовая экспертиза договора Бузулук;Договоры;Коммерческий;https://obz-pravo.ru/uslugi/dogovory/;P1;;;;;;;"semantic-core.csv; перенос 226 проектных фраз";"Гипотеза; частотность и SERP не проверены"
правовая экспертиза договора в Бузулуке;Договоры;Коммерческий;https://obz-pravo.ru/uslugi/dogovory/;P1;;;;;;;"semantic-core.csv; перенос 226 проектных фраз";"Гипотеза; частотность и SERP не проверены"
анализ договора юристом Бузулук;Договоры;Коммерческий;https://obz-pravo.ru/uslugi/dogovory/;P1;;;;;;;"semantic-core.csv; перенос 226 проектных фраз";"Гипотеза; частотность и SERP не проверены"
анализ договора юристом в Бузулуке;Договоры;Коммерческий;https://obz-pravo.ru/uslugi/dogovory/;P1;;;;;;;"semantic-core.csv; перенос 226 проектных фраз";"Гипотеза; частотность и SERP не проверены"
консультация по договору Бузулук;Договоры;Коммерческий;https://obz-pravo.ru/uslugi/dogovory/;P1;;;;;;;"semantic-core.csv; перенос 226 проектных фраз";"Гипотеза; частотность и SERP не проверены"
консультация по договору в Бузулуке;Договоры;Коммерческий;https://obz-pravo.ru/uslugi/dogovory/;P1;;;;;;;"semantic-core.csv; перенос 226 проектных фраз";"Гипотеза; частотность и SERP не проверены"
проверка договора перед подписанием Бузулук;Договоры;Коммерческий;https://obz-pravo.ru/uslugi/dogovory/;P1;;;;;;;"semantic-core.csv; перенос 226 проектных фраз";"Гипотеза; частотность и SERP не проверены"
проверка договора перед подписанием в Бузулуке;Договоры;Коммерческий;https://obz-pravo.ru/uslugi/dogovory/;P1;;;;;;;"semantic-core.csv; перенос 226 проектных фраз";"Гипотеза; частотность и SERP не проверены"
изменение условий договора юрист Бузулук;Договоры;Коммерческий;https://obz-pravo.ru/uslugi/dogovory/;P1;;;;;;;"semantic-core.csv; перенос 226 проектных фраз";"Гипотеза; частотность и SERP не проверены"
изменение условий договора юрист в Бузулуке;Договоры;Коммерческий;https://obz-pravo.ru/uslugi/dogovory/;P1;;;;;;;"semantic-core.csv; перенос 226 проектных фраз";"Гипотеза; частотность и SERP не проверены"
договорная работа юрист Бузулук;Договоры;Коммерческий;https://obz-pravo.ru/uslugi/dogovory/;P1;;;;;;;"semantic-core.csv; перенос 226 проектных фраз";"Гипотеза; частотность и SERP не проверены"
договорная работа юрист в Бузулуке;Договоры;Коммерческий;https://obz-pravo.ru/uslugi/dogovory/;P1;;;;;;;"semantic-core.csv; перенос 226 проектных фраз";"Гипотеза; частотность и SERP не проверены"
проверка договора услуг Бузулук;Договоры;Коммерческий;https://obz-pravo.ru/uslugi/dogovory/;P1;;;;;;;"semantic-core.csv; перенос 226 проектных фраз";"Гипотеза; частотность и SERP не проверены"
проверка договора услуг в Бузулуке;Договоры;Коммерческий;https://obz-pravo.ru/uslugi/dogovory/;P1;;;;;;;"semantic-core.csv; перенос 226 проектных фраз";"Гипотеза; частотность и SERP не проверены"
проверка договора подряда Бузулук;Договоры;Коммерческий;https://obz-pravo.ru/uslugi/dogovory/;P1;;;;;;;"semantic-core.csv; перенос 226 проектных фраз";"Гипотеза; частотность и SERP не проверены"
проверка договора подряда в Бузулуке;Договоры;Коммерческий;https://obz-pravo.ru/uslugi/dogovory/;P1;;;;;;;"semantic-core.csv; перенос 226 проектных фраз";"Гипотеза; частотность и SERP не проверены"
проверка договора поставки Бузулук;Договоры;Коммерческий;https://obz-pravo.ru/uslugi/dogovory/;P1;;;;;;;"semantic-core.csv; перенос 226 проектных фраз";"Гипотеза; частотность и SERP не проверены"
проверка договора поставки в Бузулуке;Договоры;Коммерческий;https://obz-pravo.ru/uslugi/dogovory/;P1;;;;;;;"semantic-core.csv; перенос 226 проектных фраз";"Гипотеза; частотность и SERP не проверены"
проверка договора займа Бузулук;Договоры;Коммерческий;https://obz-pravo.ru/uslugi/dogovory/;P1;;;;;;;"semantic-core.csv; перенос 226 проектных фраз";"Гипотеза; частотность и SERP не проверены"
проверка договора займа в Бузулуке;Договоры;Коммерческий;https://obz-pravo.ru/uslugi/dogovory/;P1;;;;;;;"semantic-core.csv; перенос 226 проектных фраз";"Гипотеза; частотность и SERP не проверены"
проверка договора аренды Бузулук;Договоры;Коммерческий;https://obz-pravo.ru/uslugi/dogovory/;P1;;;;;;;"semantic-core.csv; перенос 226 проектных фраз";"Гипотеза; частотность и SERP не проверены"
проверка договора аренды в Бузулуке;Договоры;Коммерческий;https://obz-pravo.ru/uslugi/dogovory/;P1;;;;;;;"semantic-core.csv; перенос 226 проектных фраз";"Гипотеза; частотность и SERP не проверены"
юрист составление договора Бузулук;Договоры;Коммерческий;https://obz-pravo.ru/uslugi/dogovory/;P1;;;;;;;"semantic-core.csv; перенос 226 проектных фраз";"Гипотеза; частотность и SERP не проверены; уточнить применимость к подтверждённым документам и категории спора"
юрист составление договора в Бузулуке;Договоры;Коммерческий;https://obz-pravo.ru/uslugi/dogovory/;P1;;;;;;;"semantic-core.csv; перенос 226 проектных фраз";"Гипотеза; частотность и SERP не проверены; уточнить применимость к подтверждённым документам и категории спора"
согласование договора юрист Бузулук;Договоры;Коммерческий;https://obz-pravo.ru/uslugi/dogovory/;P1;;;;;;;"semantic-core.csv; перенос 226 проектных фраз";"Гипотеза; частотность и SERP не проверены"
согласование договора юрист в Бузулуке;Договоры;Коммерческий;https://obz-pravo.ru/uslugi/dogovory/;P1;;;;;;;"semantic-core.csv; перенос 226 проектных фраз";"Гипотеза; частотность и SERP не проверены"
оценка рисков договора Бузулук;Договоры;Коммерческий;https://obz-pravo.ru/uslugi/dogovory/;P1;;;;;;;"semantic-core.csv; перенос 226 проектных фраз";"Гипотеза; частотность и SERP не проверены"
оценка рисков договора в Бузулуке;Договоры;Коммерческий;https://obz-pravo.ru/uslugi/dogovory/;P1;;;;;;;"semantic-core.csv; перенос 226 проектных фраз";"Гипотеза; частотность и SERP не проверены"
юрист по договорным спорам Бузулук;Договоры;Коммерческий;https://obz-pravo.ru/uslugi/dogovory/;P1;;;;;;;"semantic-core.csv; перенос 226 проектных фраз";"Гипотеза; частотность и SERP не проверены"
юрист по договорным спорам в Бузулуке;Договоры;Коммерческий;https://obz-pravo.ru/uslugi/dogovory/;P1;;;;;;;"semantic-core.csv; перенос 226 проектных фраз";"Гипотеза; частотность и SERP не проверены"
юрист по расторжению договора Бузулук;Договоры;Коммерческий;https://obz-pravo.ru/uslugi/dogovory/;P1;;;;;;;"semantic-core.csv; перенос 226 проектных фраз";"Гипотеза; частотность и SERP не проверены"
юрист по расторжению договора в Бузулуке;Договоры;Коммерческий;https://obz-pravo.ru/uslugi/dogovory/;P1;;;;;;;"semantic-core.csv; перенос 226 проектных фраз";"Гипотеза; частотность и SERP не проверены"
юрист по недвижимости Бузулук;Недвижимость;Коммерческий;https://obz-pravo.ru/uslugi/nedvizhimost/;P2;5;Бузулук (11086);Все;04.09.2026–04.10.2026;05.10.2026;wordstat-region-buzuluk.csv;"semantic-core.csv; перенос 226 проектных фраз";"Наблюдение Wordstat, широкая частотность; SERP и пригодность интента не проверены"
юрист по недвижимости в Бузулуке;Недвижимость;Коммерческий;https://obz-pravo.ru/uslugi/nedvizhimost/;P2;;;;;;;"semantic-core.csv; перенос 226 проектных фраз";"Гипотеза; частотность и SERP не проверены"
консультация юриста по недвижимости Бузулук;Недвижимость;Коммерческий;https://obz-pravo.ru/uslugi/nedvizhimost/;P2;;;;;;;"semantic-core.csv; перенос 226 проектных фраз";"Гипотеза; частотность и SERP не проверены"
консультация юриста по недвижимости в Бузулуке;Недвижимость;Коммерческий;https://obz-pravo.ru/uslugi/nedvizhimost/;P2;;;;;;;"semantic-core.csv; перенос 226 проектных фраз";"Гипотеза; частотность и SERP не проверены"
проверка документов на квартиру Бузулук;Недвижимость;Коммерческий;https://obz-pravo.ru/uslugi/nedvizhimost/;P2;;;;;;;"semantic-core.csv; перенос 226 проектных фраз";"Гипотеза; частотность и SERP не проверены"
проверка документов на квартиру в Бузулуке;Недвижимость;Коммерческий;https://obz-pravo.ru/uslugi/nedvizhimost/;P2;;;;;;;"semantic-core.csv; перенос 226 проектных фраз";"Гипотеза; частотность и SERP не проверены"
проверка договора купли продажи Бузулук;Недвижимость;Коммерческий;https://obz-pravo.ru/uslugi/nedvizhimost/;P2;;;;;;;"semantic-core.csv; перенос 226 проектных фраз";"Гипотеза; частотность и SERP не проверены"
проверка договора купли продажи в Бузулуке;Недвижимость;Коммерческий;https://obz-pravo.ru/uslugi/nedvizhimost/;P2;;;;;;;"semantic-core.csv; перенос 226 проектных фраз";"Гипотеза; частотность и SERP не проверены"
юрист при покупке квартиры Бузулук;Недвижимость;Коммерческий;https://obz-pravo.ru/uslugi/nedvizhimost/;P2;;;;;;;"semantic-core.csv; перенос 226 проектных фраз";"Гипотеза; частотность и SERP не проверены"
юрист при покупке квартиры в Бузулуке;Недвижимость;Коммерческий;https://obz-pravo.ru/uslugi/nedvizhimost/;P2;;;;;;;"semantic-core.csv; перенос 226 проектных фраз";"Гипотеза; частотность и SERP не проверены"
юрист при продаже квартиры Бузулук;Недвижимость;Коммерческий;https://obz-pravo.ru/uslugi/nedvizhimost/;P2;;;;;;;"semantic-core.csv; перенос 226 проектных фраз";"Гипотеза; частотность и SERP не проверены"
юрист при продаже квартиры в Бузулуке;Недвижимость;Коммерческий;https://obz-pravo.ru/uslugi/nedvizhimost/;P2;;;;;;;"semantic-core.csv; перенос 226 проектных фраз";"Гипотеза; частотность и SERP не проверены"
юрист сделка с недвижимостью Бузулук;Недвижимость;Коммерческий;https://obz-pravo.ru/uslugi/nedvizhimost/;P2;;;;;;;"semantic-core.csv; перенос 226 проектных фраз";"Гипотеза; частотность и SERP не проверены"
юрист сделка с недвижимостью в Бузулуке;Недвижимость;Коммерческий;https://obz-pravo.ru/uslugi/nedvizhimost/;P2;;;;;;;"semantic-core.csv; перенос 226 проектных фраз";"Гипотеза; частотность и SERP не проверены"
консультация по аренде недвижимости Бузулук;Недвижимость;Коммерческий;https://obz-pravo.ru/uslugi/nedvizhimost/;P2;;;;;;;"semantic-core.csv; перенос 226 проектных фраз";"Гипотеза; частотность и SERP не проверены"
консультация по аренде недвижимости в Бузулуке;Недвижимость;Коммерческий;https://obz-pravo.ru/uslugi/nedvizhimost/;P2;;;;;;;"semantic-core.csv; перенос 226 проектных фраз";"Гипотеза; частотность и SERP не проверены"
юрист по договору аренды Бузулук;Недвижимость;Коммерческий;https://obz-pravo.ru/uslugi/nedvizhimost/;P2;;;;;;;"semantic-core.csv; перенос 226 проектных фраз";"Гипотеза; частотность и SERP не проверены"
юрист по договору аренды в Бузулуке;Недвижимость;Коммерческий;https://obz-pravo.ru/uslugi/nedvizhimost/;P2;;;;;;;"semantic-core.csv; перенос 226 проектных фраз";"Гипотеза; частотность и SERP не проверены"
проверка договора аренды квартиры Бузулук;Недвижимость;Коммерческий;https://obz-pravo.ru/uslugi/nedvizhimost/;P2;;;;;;;"semantic-core.csv; перенос 226 проектных фраз";"Гипотеза; частотность и SERP не проверены"
проверка договора аренды квартиры в Бузулуке;Недвижимость;Коммерческий;https://obz-pravo.ru/uslugi/nedvizhimost/;P2;;;;;;;"semantic-core.csv; перенос 226 проектных фраз";"Гипотеза; частотность и SERP не проверены"
юрист по купле продаже недвижимости Бузулук;Недвижимость;Коммерческий;https://obz-pravo.ru/uslugi/nedvizhimost/;P2;;;;;;;"semantic-core.csv; перенос 226 проектных фраз";"Гипотеза; частотность и SERP не проверены"
юрист по купле продаже недвижимости в Бузулуке;Недвижимость;Коммерческий;https://obz-pravo.ru/uslugi/nedvizhimost/;P2;;;;;;;"semantic-core.csv; перенос 226 проектных фраз";"Гипотеза; частотность и SERP не проверены"
юридическая проверка недвижимости Бузулук;Недвижимость;Коммерческий;https://obz-pravo.ru/uslugi/nedvizhimost/;P2;;;;;;;"semantic-core.csv; перенос 226 проектных фраз";"Гипотеза; частотность и SERP не проверены"
юридическая проверка недвижимости в Бузулуке;Недвижимость;Коммерческий;https://obz-pravo.ru/uslugi/nedvizhimost/;P2;;;;;;;"semantic-core.csv; перенос 226 проектных фраз";"Гипотеза; частотность и SERP не проверены"
проверка договора покупки дома Бузулук;Недвижимость;Коммерческий;https://obz-pravo.ru/uslugi/nedvizhimost/;P2;;;;;;;"semantic-core.csv; перенос 226 проектных фраз";"Гипотеза; частотность и SERP не проверены"
проверка договора покупки дома в Бузулуке;Недвижимость;Коммерческий;https://obz-pravo.ru/uslugi/nedvizhimost/;P2;;;;;;;"semantic-core.csv; перенос 226 проектных фраз";"Гипотеза; частотность и SERP не проверены"
юрист по регистрации недвижимости Бузулук;Недвижимость;Коммерческий;https://obz-pravo.ru/uslugi/nedvizhimost/;P2;;;;;;;"semantic-core.csv; перенос 226 проектных фраз";"Гипотеза; частотность и SERP не проверены"
юрист по регистрации недвижимости в Бузулуке;Недвижимость;Коммерческий;https://obz-pravo.ru/uslugi/nedvizhimost/;P2;;;;;;;"semantic-core.csv; перенос 226 проектных фраз";"Гипотеза; частотность и SERP не проверены"
юрист перед сделкой с квартирой Бузулук;Недвижимость;Коммерческий;https://obz-pravo.ru/uslugi/nedvizhimost/;P2;;;;;;;"semantic-core.csv; перенос 226 проектных фраз";"Гипотеза; частотность и SERP не проверены"
юрист перед сделкой с квартирой в Бузулуке;Недвижимость;Коммерческий;https://obz-pravo.ru/uslugi/nedvizhimost/;P2;;;;;;;"semantic-core.csv; перенос 226 проектных фраз";"Гипотеза; частотность и SERP не проверены"
консультация по продаже дома Бузулук;Недвижимость;Коммерческий;https://obz-pravo.ru/uslugi/nedvizhimost/;P2;;;;;;;"semantic-core.csv; перенос 226 проектных фраз";"Гипотеза; частотность и SERP не проверены"
консультация по продаже дома в Бузулуке;Недвижимость;Коммерческий;https://obz-pravo.ru/uslugi/nedvizhimost/;P2;;;;;;;"semantic-core.csv; перенос 226 проектных фраз";"Гипотеза; частотность и SERP не проверены"
проверка условий сделки с недвижимостью Бузулук;Недвижимость;Коммерческий;https://obz-pravo.ru/uslugi/nedvizhimost/;P2;;;;;;;"semantic-core.csv; перенос 226 проектных фраз";"Гипотеза; частотность и SERP не проверены"
проверка условий сделки с недвижимостью в Бузулуке;Недвижимость;Коммерческий;https://obz-pravo.ru/uslugi/nedvizhimost/;P2;;;;;;;"semantic-core.csv; перенос 226 проектных фраз";"Гипотеза; частотность и SERP не проверены"
юрист по аренде помещения Бузулук;Недвижимость;Коммерческий;https://obz-pravo.ru/uslugi/nedvizhimost/;P2;;;;;;;"semantic-core.csv; перенос 226 проектных фраз";"Гипотеза; частотность и SERP не проверены"
юрист по аренде помещения в Бузулуке;Недвижимость;Коммерческий;https://obz-pravo.ru/uslugi/nedvizhimost/;P2;;;;;;;"semantic-core.csv; перенос 226 проектных фраз";"Гипотеза; частотность и SERP не проверены"
составление претензии Бузулук;Претензии и суд;Коммерческий;https://obz-pravo.ru/uslugi/sudebnoe-predstavitelstvo/;P2;;;;;;;"semantic-core.csv; перенос 226 проектных фраз";"Гипотеза; частотность и SERP не проверены; уточнить применимость к подтверждённым документам и категории спора"
составление претензии в Бузулуке;Претензии и суд;Коммерческий;https://obz-pravo.ru/uslugi/sudebnoe-predstavitelstvo/;P2;;;;;;;"semantic-core.csv; перенос 226 проектных фраз";"Гипотеза; частотность и SERP не проверены; уточнить применимость к подтверждённым документам и категории спора"
юрист по претензиям Бузулук;Претензии и суд;Коммерческий;https://obz-pravo.ru/uslugi/sudebnoe-predstavitelstvo/;P2;;;;;;;"semantic-core.csv; перенос 226 проектных фраз";"Гипотеза; частотность и SERP не проверены"
юрист по претензиям в Бузулуке;Претензии и суд;Коммерческий;https://obz-pravo.ru/uslugi/sudebnoe-predstavitelstvo/;P2;;;;;;;"semantic-core.csv; перенос 226 проектных фраз";"Гипотеза; частотность и SERP не проверены"
подготовка ответа на претензию Бузулук;Претензии и суд;Коммерческий;https://obz-pravo.ru/uslugi/sudebnoe-predstavitelstvo/;P2;;;;;;;"semantic-core.csv; перенос 226 проектных фраз";"Гипотеза; частотность и SERP не проверены"
подготовка ответа на претензию в Бузулуке;Претензии и суд;Коммерческий;https://obz-pravo.ru/uslugi/sudebnoe-predstavitelstvo/;P2;;;;;;;"semantic-core.csv; перенос 226 проектных фраз";"Гипотеза; частотность и SERP не проверены"
досудебная претензия юрист Бузулук;Претензии и суд;Коммерческий;https://obz-pravo.ru/uslugi/sudebnoe-predstavitelstvo/;P2;;;;;;;"semantic-core.csv; перенос 226 проектных фраз";"Гипотеза; частотность и SERP не проверены"
досудебная претензия юрист в Бузулуке;Претензии и суд;Коммерческий;https://obz-pravo.ru/uslugi/sudebnoe-predstavitelstvo/;P2;;;;;;;"semantic-core.csv; перенос 226 проектных фраз";"Гипотеза; частотность и SERP не проверены"
составление искового заявления Бузулук;Претензии и суд;Коммерческий;https://obz-pravo.ru/uslugi/sudebnoe-predstavitelstvo/;P2;;;;;;;"semantic-core.csv; перенос 226 проектных фраз";"Гипотеза; частотность и SERP не проверены; уточнить применимость к подтверждённым документам и категории спора"
составление искового заявления в Бузулуке;Претензии и суд;Коммерческий;https://obz-pravo.ru/uslugi/sudebnoe-predstavitelstvo/;P2;;;;;;;"semantic-core.csv; перенос 226 проектных фраз";"Гипотеза; частотность и SERP не проверены; уточнить применимость к подтверждённым документам и категории спора"
подготовка иска юрист Бузулук;Претензии и суд;Коммерческий;https://obz-pravo.ru/uslugi/sudebnoe-predstavitelstvo/;P2;;;;;;;"semantic-core.csv; перенос 226 проектных фраз";"Гипотеза; частотность и SERP не проверены"
подготовка иска юрист в Бузулуке;Претензии и суд;Коммерческий;https://obz-pravo.ru/uslugi/sudebnoe-predstavitelstvo/;P2;;;;;;;"semantic-core.csv; перенос 226 проектных фраз";"Гипотеза; частотность и SERP не проверены"
судебное представительство Бузулук;Претензии и суд;Коммерческий;https://obz-pravo.ru/uslugi/sudebnoe-predstavitelstvo/;P2;;;;;;;"semantic-core.csv; перенос 226 проектных фраз";"Гипотеза; частотность и SERP не проверены"
судебное представительство в Бузулуке;Претензии и суд;Коммерческий;https://obz-pravo.ru/uslugi/sudebnoe-predstavitelstvo/;P2;;;;;;;"semantic-core.csv; перенос 226 проектных фраз";"Гипотеза; частотность и SERP не проверены"
юрист для суда Бузулук;Претензии и суд;Коммерческий;https://obz-pravo.ru/uslugi/sudebnoe-predstavitelstvo/;P2;;;;;;;"semantic-core.csv; перенос 226 проектных фраз";"Гипотеза; частотность и SERP не проверены"
юрист для суда в Бузулуке;Претензии и суд;Коммерческий;https://obz-pravo.ru/uslugi/sudebnoe-predstavitelstvo/;P2;;;;;;;"semantic-core.csv; перенос 226 проектных фраз";"Гипотеза; частотность и SERP не проверены"
сопровождение дела в суде Бузулук;Претензии и суд;Коммерческий;https://obz-pravo.ru/uslugi/sudebnoe-predstavitelstvo/;P2;;;;;;;"semantic-core.csv; перенос 226 проектных фраз";"Гипотеза; частотность и SERP не проверены"
сопровождение дела в суде в Бузулуке;Претензии и суд;Коммерческий;https://obz-pravo.ru/uslugi/sudebnoe-predstavitelstvo/;P2;;;;;;;"semantic-core.csv; перенос 226 проектных фраз";"Гипотеза; частотность и SERP не проверены"
юрист по гражданским спорам Бузулук;Претензии и суд;Коммерческий;https://obz-pravo.ru/uslugi/sudebnoe-predstavitelstvo/;P2;;;;;;;"semantic-core.csv; перенос 226 проектных фраз";"Гипотеза; частотность и SERP не проверены"
юрист по гражданским спорам в Бузулуке;Претензии и суд;Коммерческий;https://obz-pravo.ru/uslugi/sudebnoe-predstavitelstvo/;P2;;;;;;;"semantic-core.csv; перенос 226 проектных фраз";"Гипотеза; частотность и SERP не проверены"
консультация по судебному спору Бузулук;Претензии и суд;Коммерческий;https://obz-pravo.ru/uslugi/sudebnoe-predstavitelstvo/;P2;;;;;;;"semantic-core.csv; перенос 226 проектных фраз";"Гипотеза; частотность и SERP не проверены"
консультация по судебному спору в Бузулуке;Претензии и суд;Коммерческий;https://obz-pravo.ru/uslugi/sudebnoe-predstavitelstvo/;P2;;;;;;;"semantic-core.csv; перенос 226 проектных фраз";"Гипотеза; частотность и SERP не проверены"
стоимость судебного представительства Бузулук;Претензии и суд;Коммерческий;https://obz-pravo.ru/uslugi/sudebnoe-predstavitelstvo/;P2;;;;;;;"semantic-core.csv; перенос 226 проектных фраз";"Гипотеза; частотность и SERP не проверены"
стоимость судебного представительства в Бузулуке;Претензии и суд;Коммерческий;https://obz-pravo.ru/uslugi/sudebnoe-predstavitelstvo/;P2;;;;;;;"semantic-core.csv; перенос 226 проектных фраз";"Гипотеза; частотность и SERP не проверены"
подготовка судебных документов Бузулук;Претензии и суд;Коммерческий;https://obz-pravo.ru/uslugi/sudebnoe-predstavitelstvo/;P2;;;;;;;"semantic-core.csv; перенос 226 проектных фраз";"Гипотеза; частотность и SERP не проверены"
подготовка судебных документов в Бузулуке;Претензии и суд;Коммерческий;https://obz-pravo.ru/uslugi/sudebnoe-predstavitelstvo/;P2;;;;;;;"semantic-core.csv; перенос 226 проектных фраз";"Гипотеза; частотность и SERP не проверены"
юрист правовая позиция по спору Бузулук;Претензии и суд;Коммерческий;https://obz-pravo.ru/uslugi/sudebnoe-predstavitelstvo/;P2;;;;;;;"semantic-core.csv; перенос 226 проектных фраз";"Гипотеза; частотность и SERP не проверены"
юрист правовая позиция по спору в Бузулуке;Претензии и суд;Коммерческий;https://obz-pravo.ru/uslugi/sudebnoe-predstavitelstvo/;P2;;;;;;;"semantic-core.csv; перенос 226 проектных фраз";"Гипотеза; частотность и SERP не проверены"
помощь по исковому заявлению Бузулук;Претензии и суд;Коммерческий;https://obz-pravo.ru/uslugi/sudebnoe-predstavitelstvo/;P2;;;;;;;"semantic-core.csv; перенос 226 проектных фраз";"Гипотеза; частотность и SERP не проверены"
помощь по исковому заявлению в Бузулуке;Претензии и суд;Коммерческий;https://obz-pravo.ru/uslugi/sudebnoe-predstavitelstvo/;P2;;;;;;;"semantic-core.csv; перенос 226 проектных фраз";"Гипотеза; частотность и SERP не проверены"
юрист по взысканию задолженности Бузулук;Претензии и суд;Коммерческий;https://obz-pravo.ru/uslugi/sudebnoe-predstavitelstvo/;P2;;;;;;;"semantic-core.csv; перенос 226 проектных фраз";"Гипотеза; частотность и SERP не проверены"
юрист по взысканию задолженности в Бузулуке;Претензии и суд;Коммерческий;https://obz-pravo.ru/uslugi/sudebnoe-predstavitelstvo/;P2;;;;;;;"semantic-core.csv; перенос 226 проектных фраз";"Гипотеза; частотность и SERP не проверены"
ответ на иск юрист Бузулук;Претензии и суд;Коммерческий;https://obz-pravo.ru/uslugi/sudebnoe-predstavitelstvo/;P2;;;;;;;"semantic-core.csv; перенос 226 проектных фраз";"Гипотеза; частотность и SERP не проверены"
ответ на иск юрист в Бузулуке;Претензии и суд;Коммерческий;https://obz-pravo.ru/uslugi/sudebnoe-predstavitelstvo/;P2;;;;;;;"semantic-core.csv; перенос 226 проектных фраз";"Гипотеза; частотность и SERP не проверены"
судебное сопровождение юрист Бузулук;Претензии и суд;Коммерческий;https://obz-pravo.ru/uslugi/sudebnoe-predstavitelstvo/;P2;;;;;;;"semantic-core.csv; перенос 226 проектных фраз";"Гипотеза; частотность и SERP не проверены"
судебное сопровождение юрист в Бузулуке;Претензии и суд;Коммерческий;https://obz-pravo.ru/uslugi/sudebnoe-predstavitelstvo/;P2;;;;;;;"semantic-core.csv; перенос 226 проектных фраз";"Гипотеза; частотность и SERP не проверены"
юрист для бизнеса Бузулук;Бизнес;Коммерческий;https://obz-pravo.ru/uslugi/biznes/;P2;;;;;;;"semantic-core.csv; перенос 226 проектных фраз";"Гипотеза; частотность и SERP не проверены"
юрист для бизнеса в Бузулуке;Бизнес;Коммерческий;https://obz-pravo.ru/uslugi/biznes/;P2;;;;;;;"semantic-core.csv; перенос 226 проектных фраз";"Гипотеза; частотность и SERP не проверены"
юридическая помощь бизнесу Бузулук;Бизнес;Коммерческий;https://obz-pravo.ru/uslugi/biznes/;P2;;;;;;;"semantic-core.csv; перенос 226 проектных фраз";"Гипотеза; частотность и SERP не проверены"
юридическая помощь бизнесу в Бузулуке;Бизнес;Коммерческий;https://obz-pravo.ru/uslugi/biznes/;P2;;;;;;;"semantic-core.csv; перенос 226 проектных фраз";"Гипотеза; частотность и SERP не проверены"
юрист для организации Бузулук;Бизнес;Коммерческий;https://obz-pravo.ru/uslugi/biznes/;P2;;;;;;;"semantic-core.csv; перенос 226 проектных фраз";"Гипотеза; частотность и SERP не проверены"
юрист для организации в Бузулуке;Бизнес;Коммерческий;https://obz-pravo.ru/uslugi/biznes/;P2;;;;;;;"semantic-core.csv; перенос 226 проектных фраз";"Гипотеза; частотность и SERP не проверены"
правовое сопровождение организаций Бузулук;Бизнес;Коммерческий;https://obz-pravo.ru/uslugi/biznes/;P2;;;;;;;"semantic-core.csv; перенос 226 проектных фраз";"Гипотеза; частотность и SERP не проверены"
правовое сопровождение организаций в Бузулуке;Бизнес;Коммерческий;https://obz-pravo.ru/uslugi/biznes/;P2;;;;;;;"semantic-core.csv; перенос 226 проектных фраз";"Гипотеза; частотность и SERP не проверены"
юридическое сопровождение бизнеса Бузулук;Бизнес;Коммерческий;https://obz-pravo.ru/uslugi/biznes/;P2;;;;;;;"semantic-core.csv; перенос 226 проектных фраз";"Гипотеза; частотность и SERP не проверены"
юридическое сопровождение бизнеса в Бузулуке;Бизнес;Коммерческий;https://obz-pravo.ru/uslugi/biznes/;P2;;;;;;;"semantic-core.csv; перенос 226 проектных фраз";"Гипотеза; частотность и SERP не проверены"
кадровая работа юрист Бузулук;Бизнес;Коммерческий;https://obz-pravo.ru/uslugi/biznes/;P2;;;;;;;"semantic-core.csv; перенос 226 проектных фраз";"Гипотеза; частотность и SERP не проверены"
кадровая работа юрист в Бузулуке;Бизнес;Коммерческий;https://obz-pravo.ru/uslugi/biznes/;P2;;;;;;;"semantic-core.csv; перенос 226 проектных фраз";"Гипотеза; частотность и SERP не проверены"
проверка договоров для бизнеса Бузулук;Бизнес;Коммерческий;https://obz-pravo.ru/uslugi/biznes/;P2;;;;;;;"semantic-core.csv; перенос 226 проектных фраз";"Гипотеза; частотность и SERP не проверены"
проверка договоров для бизнеса в Бузулуке;Бизнес;Коммерческий;https://obz-pravo.ru/uslugi/biznes/;P2;;;;;;;"semantic-core.csv; перенос 226 проектных фраз";"Гипотеза; частотность и SERP не проверены"
претензионная работа для бизнеса Бузулук;Бизнес;Коммерческий;https://obz-pravo.ru/uslugi/biznes/;P2;;;;;;;"semantic-core.csv; перенос 226 проектных фраз";"Гипотеза; частотность и SERP не проверены"
претензионная работа для бизнеса в Бузулуке;Бизнес;Коммерческий;https://obz-pravo.ru/uslugi/biznes/;P2;;;;;;;"semantic-core.csv; перенос 226 проектных фраз";"Гипотеза; частотность и SERP не проверены"
юрист договорная работа Бузулук;Бизнес;Коммерческий;https://obz-pravo.ru/uslugi/biznes/;P2;;;;;;;"semantic-core.csv; перенос 226 проектных фраз";"Гипотеза; частотность и SERP не проверены"
юрист договорная работа в Бузулуке;Бизнес;Коммерческий;https://obz-pravo.ru/uslugi/biznes/;P2;;;;;;;"semantic-core.csv; перенос 226 проектных фраз";"Гипотеза; частотность и SERP не проверены"
консультация юриста для ИП Бузулук;Бизнес;Коммерческий;https://obz-pravo.ru/uslugi/biznes/;P2;;;;;;;"semantic-core.csv; перенос 226 проектных фраз";"Гипотеза; частотность и SERP не проверены"
консультация юриста для ИП в Бузулуке;Бизнес;Коммерческий;https://obz-pravo.ru/uslugi/biznes/;P2;;;;;;;"semantic-core.csv; перенос 226 проектных фраз";"Гипотеза; частотность и SERP не проверены"
юрист для ООО Бузулук;Бизнес;Коммерческий;https://obz-pravo.ru/uslugi/biznes/;P2;;;;;;;"semantic-core.csv; перенос 226 проектных фраз";"Гипотеза; частотность и SERP не проверены"
юрист для ООО в Бузулуке;Бизнес;Коммерческий;https://obz-pravo.ru/uslugi/biznes/;P2;;;;;;;"semantic-core.csv; перенос 226 проектных фраз";"Гипотеза; частотность и SERP не проверены"
юрист по закупкам Бузулук;Бизнес;Коммерческий;https://obz-pravo.ru/uslugi/biznes/;P2;;;;;;;"semantic-core.csv; перенос 226 проектных фраз";"Гипотеза; частотность и SERP не проверены"
юрист по закупкам в Бузулуке;Бизнес;Коммерческий;https://obz-pravo.ru/uslugi/biznes/;P2;;;;;;;"semantic-core.csv; перенос 226 проектных фраз";"Гипотеза; частотность и SERP не проверены"
консультация по 44 фз Бузулук;Бизнес;Коммерческий;https://obz-pravo.ru/uslugi/biznes/;P2;;;;;;;"semantic-core.csv; перенос 226 проектных фраз";"Гипотеза; частотность и SERP не проверены"
консультация по 44 фз в Бузулуке;Бизнес;Коммерческий;https://obz-pravo.ru/uslugi/biznes/;P2;;;;;;;"semantic-core.csv; перенос 226 проектных фраз";"Гипотеза; частотность и SERP не проверены"
консультация по 223 фз Бузулук;Бизнес;Коммерческий;https://obz-pravo.ru/uslugi/biznes/;P2;;;;;;;"semantic-core.csv; перенос 226 проектных фраз";"Гипотеза; частотность и SERP не проверены"
консультация по 223 фз в Бузулуке;Бизнес;Коммерческий;https://obz-pravo.ru/uslugi/biznes/;P2;;;;;;;"semantic-core.csv; перенос 226 проектных фраз";"Гипотеза; частотность и SERP не проверены"
юрист строительная организация Бузулук;Бизнес;Коммерческий;https://obz-pravo.ru/uslugi/biznes/;P2;;;;;;;"semantic-core.csv; перенос 226 проектных фраз";"Гипотеза; частотность и SERP не проверены"
юрист строительная организация в Бузулуке;Бизнес;Коммерческий;https://obz-pravo.ru/uslugi/biznes/;P2;;;;;;;"semantic-core.csv; перенос 226 проектных фраз";"Гипотеза; частотность и SERP не проверены"
юрист транспортная организация Бузулук;Бизнес;Коммерческий;https://obz-pravo.ru/uslugi/biznes/;P2;;;;;;;"semantic-core.csv; перенос 226 проектных фраз";"Гипотеза; частотность и SERP не проверены"
юрист транспортная организация в Бузулуке;Бизнес;Коммерческий;https://obz-pravo.ru/uslugi/biznes/;P2;;;;;;;"semantic-core.csv; перенос 226 проектных фраз";"Гипотеза; частотность и SERP не проверены"
консультация по кадровым документам Бузулук;Бизнес;Коммерческий;https://obz-pravo.ru/uslugi/biznes/;P2;;;;;;;"semantic-core.csv; перенос 226 проектных фраз";"Гипотеза; частотность и SERP не проверены"
консультация по кадровым документам в Бузулуке;Бизнес;Коммерческий;https://obz-pravo.ru/uslugi/biznes/;P2;;;;;;;"semantic-core.csv; перенос 226 проектных фраз";"Гипотеза; частотность и SERP не проверены"
юрист;Главная;Коммерческий;https://obz-pravo.ru/;P1;2199;Бузулук (11086);Все;04.09.2026–04.10.2026;05.10.2026;wordstat-region-buzuluk.csv;"wordstat-clustered-600.csv; прежний целевой кандидат";"Наблюдение Wordstat, широкая частотность; SERP и пригодность интента не проверены"
консультация юриста;Консультация;Коммерческий;https://obz-pravo.ru/uslugi/konsultaciya/;P1;419;Бузулук (11086);Все;04.09.2026–04.10.2026;05.10.2026;wordstat-region-buzuluk.csv;"wordstat-clustered-600.csv; прежний целевой кандидат";"Наблюдение Wordstat, широкая частотность; SERP и пригодность интента не проверены"
профессиональный юрист;Главная;Коммерческий;https://obz-pravo.ru/;P1;146;Бузулук (11086);Все;04.09.2026–04.10.2026;05.10.2026;wordstat-region-buzuluk.csv;"wordstat-clustered-600.csv; прежний целевой кандидат";"Наблюдение Wordstat, широкая частотность; SERP и пригодность интента не проверены; оценочный запрос не превращать в рекламное утверждение"
юрист по недвижимости;Недвижимость;Коммерческий;https://obz-pravo.ru/uslugi/nedvizhimost/;P2;113;Бузулук (11086);Все;04.09.2026–04.10.2026;05.10.2026;wordstat-region-buzuluk.csv;"wordstat-clustered-600.csv; прежний целевой кандидат";"Наблюдение Wordstat, широкая частотность; SERP и пригодность интента не проверены"
услуги юриста;Услуги;Коммерческий;https://obz-pravo.ru/uslugi/;P1;67;Бузулук (11086);Все;04.09.2026–04.10.2026;05.10.2026;wordstat-region-buzuluk.csv;"wordstat-clustered-600.csv; прежний целевой кандидат";"Наблюдение Wordstat, широкая частотность; SERP и пригодность интента не проверены"
вопрос юристу;Запись;Коммерческий;https://obz-pravo.ru/zapis-na-priem/;P1;59;Бузулук (11086);Все;04.09.2026–04.10.2026;05.10.2026;wordstat-region-buzuluk.csv;"wordstat-clustered-600.csv; прежний целевой кандидат";"Наблюдение Wordstat, широкая частотность; SERP и пригодность интента не проверены"
телефон юриста;Контакты;Коммерческий;https://obz-pravo.ru/kontakty/;P1;51;Бузулук (11086);Все;04.09.2026–04.10.2026;05.10.2026;wordstat-region-buzuluk.csv;"wordstat-clustered-600.csv; прежний целевой кандидат";"Наблюдение Wordstat, широкая частотность; SERP и пригодность интента не проверены"
трудовой юрист;Трудовые вопросы;Коммерческий;https://obz-pravo.ru/uslugi/trudovye-spory/;P1;45;Бузулук (11086);Все;04.09.2026–04.10.2026;05.10.2026;wordstat-region-buzuluk.csv;"wordstat-clustered-600.csv; прежний целевой кандидат";"Наблюдение Wordstat, широкая частотность; SERP и пригодность интента не проверены"
юрист онлайн;Консультация;Коммерческий;https://obz-pravo.ru/uslugi/konsultaciya/;P1;44;Бузулук (11086);Все;04.09.2026–04.10.2026;05.10.2026;wordstat-region-buzuluk.csv;"wordstat-clustered-600.csv; прежний целевой кандидат";"Наблюдение Wordstat, широкая частотность; SERP и пригодность интента не проверены; формат онлайн подтвердить владельцу, круглосуточный ответ не обещать"
гражданский юрист;Претензии и суд;Коммерческий;https://obz-pravo.ru/uslugi/sudebnoe-predstavitelstvo/;P2;39;Бузулук (11086);Все;04.09.2026–04.10.2026;05.10.2026;wordstat-region-buzuluk.csv;"wordstat-clustered-600.csv; прежний целевой кандидат";"Наблюдение Wordstat, широкая частотность; SERP и пригодность интента не проверены"
юрист по трудовому праву;Трудовые вопросы;Коммерческий;https://obz-pravo.ru/uslugi/trudovye-spory/;P1;36;Бузулук (11086);Все;04.09.2026–04.10.2026;05.10.2026;wordstat-region-buzuluk.csv;"wordstat-clustered-600.csv; прежний целевой кандидат";"Наблюдение Wordstat, широкая частотность; SERP и пригодность интента не проверены"
нужен юрист;Главная;Коммерческий;https://obz-pravo.ru/;P1;35;Бузулук (11086);Все;04.09.2026–04.10.2026;05.10.2026;wordstat-region-buzuluk.csv;"wordstat-clustered-600.csv; прежний целевой кандидат";"Наблюдение Wordstat, широкая частотность; SERP и пригодность интента не проверены"
юрист бузулук консультация;Консультация;Коммерческий;https://obz-pravo.ru/uslugi/konsultaciya/;P1;30;Бузулук (11086);Все;04.09.2026–04.10.2026;05.10.2026;wordstat-region-buzuluk.csv;"wordstat-clustered-600.csv; прежний целевой кандидат";"Наблюдение Wordstat, широкая частотность; SERP и пригодность интента не проверены"
юрист по гражданским вопросам;Претензии и суд;Коммерческий;https://obz-pravo.ru/uslugi/sudebnoe-predstavitelstvo/;P2;27;Бузулук (11086);Все;04.09.2026–04.10.2026;05.10.2026;wordstat-region-buzuluk.csv;"wordstat-clustered-600.csv; прежний целевой кандидат";"Наблюдение Wordstat, широкая частотность; SERP и пригодность интента не проверены"
номер юриста;Контакты;Коммерческий;https://obz-pravo.ru/kontakty/;P1;21;Бузулук (11086);Все;04.09.2026–04.10.2026;05.10.2026;wordstat-region-buzuluk.csv;"wordstat-clustered-600.csv; прежний целевой кандидат";"Наблюдение Wordstat, широкая частотность; SERP и пригодность интента не проверены"
адреса юристов;Контакты;Коммерческий;https://obz-pravo.ru/kontakty/;P1;20;Бузулук (11086);Все;04.09.2026–04.10.2026;05.10.2026;wordstat-region-buzuluk.csv;"wordstat-clustered-600.csv; прежний целевой кандидат";"Наблюдение Wordstat, широкая частотность; SERP и пригодность интента не проверены"
номер телефона юриста;Контакты;Коммерческий;https://obz-pravo.ru/kontakty/;P1;17;Бузулук (11086);Все;04.09.2026–04.10.2026;05.10.2026;wordstat-region-buzuluk.csv;"wordstat-clustered-600.csv; прежний целевой кандидат";"Наблюдение Wordstat, широкая частотность; SERP и пригодность интента не проверены"
юрист город бузулук;Главная;Коммерческий;https://obz-pravo.ru/;P1;16;Бузулук (11086);Все;04.09.2026–04.10.2026;05.10.2026;wordstat-region-buzuluk.csv;"wordstat-clustered-600.csv; прежний целевой кандидат";"Наблюдение Wordstat, широкая частотность; SERP и пригодность интента не проверены"
юрист в суде;Претензии и суд;Коммерческий;https://obz-pravo.ru/uslugi/sudebnoe-predstavitelstvo/;P2;15;Бузулук (11086);Все;04.09.2026–04.10.2026;05.10.2026;wordstat-region-buzuluk.csv;"wordstat-clustered-600.csv; прежний целевой кандидат";"Наблюдение Wordstat, широкая частотность; SERP и пригодность интента не проверены"
юрист бузулук номер телефона;Контакты;Коммерческий;https://obz-pravo.ru/kontakty/;P1;14;Бузулук (11086);Все;04.09.2026–04.10.2026;05.10.2026;wordstat-region-buzuluk.csv;"wordstat-clustered-600.csv; прежний целевой кандидат";"Наблюдение Wordstat, широкая частотность; SERP и пригодность интента не проверены"
корпоративный юрист;Бизнес;Коммерческий;https://obz-pravo.ru/uslugi/biznes/;P2;10;Бузулук (11086);Все;04.09.2026–04.10.2026;05.10.2026;wordstat-region-buzuluk.csv;"wordstat-clustered-600.csv; прежний целевой кандидат";"Наблюдение Wordstat, широкая частотность; SERP и пригодность интента не проверены; проверить отсутствие кадрового интента"
хороший юрист;Главная;Коммерческий;https://obz-pravo.ru/;P1;10;Бузулук (11086);Все;04.09.2026–04.10.2026;05.10.2026;wordstat-region-buzuluk.csv;"wordstat-clustered-600.csv; прежний целевой кандидат";"Наблюдение Wordstat, широкая частотность; SERP и пригодность интента не проверены; оценочный запрос не превращать в рекламное утверждение"
юрист компании;Бизнес;Коммерческий;https://obz-pravo.ru/uslugi/biznes/;P2;9;Бузулук (11086);Все;04.09.2026–04.10.2026;05.10.2026;wordstat-region-buzuluk.csv;"wordstat-clustered-600.csv; прежний целевой кандидат";"Наблюдение Wordstat, широкая частотность; SERP и пригодность интента не проверены; проверить отсутствие кадрового интента"
юрист по гражданским делам;Претензии и суд;Коммерческий;https://obz-pravo.ru/uslugi/sudebnoe-predstavitelstvo/;P2;8;Бузулук (11086);Все;04.09.2026–04.10.2026;05.10.2026;wordstat-region-buzuluk.csv;"wordstat-clustered-600.csv; прежний целевой кандидат";"Наблюдение Wordstat, широкая частотность; SERP и пригодность интента не проверены"
онлайн консультация юриста;Консультация;Коммерческий;https://obz-pravo.ru/uslugi/konsultaciya/;P1;8;Бузулук (11086);Все;04.09.2026–04.10.2026;05.10.2026;wordstat-region-buzuluk.csv;"wordstat-clustered-600.csv; прежний целевой кандидат";"Наблюдение Wordstat, широкая частотность; SERP и пригодность интента не проверены; формат онлайн подтвердить владельцу, круглосуточный ответ не обещать"
выбрать юриста;Главная;Коммерческий;https://obz-pravo.ru/;P1;8;Бузулук (11086);Все;04.09.2026–04.10.2026;05.10.2026;wordstat-region-buzuluk.csv;"wordstat-clustered-600.csv; прежний целевой кандидат";"Наблюдение Wordstat, широкая частотность; SERP и пригодность интента не проверены"
договор юрист;Договоры;Коммерческий;https://obz-pravo.ru/uslugi/dogovory/;P2;7;Бузулук (11086);Все;04.09.2026–04.10.2026;05.10.2026;wordstat-region-buzuluk.csv;"wordstat-clustered-600.csv; прежний целевой кандидат";"Наблюдение Wordstat, широкая частотность; SERP и пригодность интента не проверены"
юристы г бузулук;Главная;Коммерческий;https://obz-pravo.ru/;P1;6;Бузулук (11086);Все;04.09.2026–04.10.2026;05.10.2026;wordstat-region-buzuluk.csv;"wordstat-clustered-600.csv; прежний целевой кандидат";"Наблюдение Wordstat, широкая частотность; SERP и пригодность интента не проверены"
консультация юриста право;Консультация;Коммерческий;https://obz-pravo.ru/uslugi/konsultaciya/;P1;4;Бузулук (11086);Все;04.09.2026–04.10.2026;05.10.2026;wordstat-region-buzuluk.csv;"wordstat-clustered-600.csv; прежний целевой кандидат";"Наблюдение Wordstat, широкая частотность; SERP и пригодность интента не проверены"
судебный юрист;Претензии и суд;Коммерческий;https://obz-pravo.ru/uslugi/sudebnoe-predstavitelstvo/;P2;3;Бузулук (11086);Все;04.09.2026–04.10.2026;05.10.2026;wordstat-region-buzuluk.csv;"wordstat-clustered-600.csv; прежний целевой кандидат";"Наблюдение Wordstat, широкая частотность; SERP и пригодность интента не проверены"
направления юридической помощи Бузулук;Услуги;Навигационный;https://obz-pravo.ru/uslugi/;P2;;;;;;;Новая гипотеза версии 3;"Гипотеза; частотность и SERP не проверены"
стоимость услуг юриста Бузулук;Стоимость;Коммерческий, ценовой;https://obz-pravo.ru/stoimost/;P2;;;;;;;Новая гипотеза версии 3;"Гипотеза; частотность и SERP не проверены"
цены юридических услуг Бузулук;Стоимость;Коммерческий, ценовой;https://obz-pravo.ru/stoimost/;P2;;;;;;;Новая гипотеза версии 3;"Гипотеза; частотность и SERP не проверены"
сколько стоит юрист Бузулук;Стоимость;Коммерческий, ценовой;https://obz-pravo.ru/stoimost/;P2;;;;;;;Новая гипотеза версии 3;"Гипотеза; частотность и SERP не проверены"
прайс юриста Бузулук;Стоимость;Коммерческий, ценовой;https://obz-pravo.ru/stoimost/;P2;;;;;;;Новая гипотеза версии 3;"Гипотеза; частотность и SERP не проверены"
Якунина Светлана Валерьевна юрист;О юристе;Брендовый, информационный;https://obz-pravo.ru/ob-yuriste/;P2;;;;;;;Новая гипотеза версии 3;"Гипотеза; частотность и SERP не проверены"
образование юриста Светланы Якуниной;О юристе;Брендовый, информационный;https://obz-pravo.ru/ob-yuriste/;P2;;;;;;;Новая гипотеза версии 3;"Гипотеза; частотность и SERP не проверены"
опыт юриста Светланы Якуниной;О юристе;Брендовый, информационный;https://obz-pravo.ru/ob-yuriste/;P2;;;;;;;Новая гипотеза версии 3;"Гипотеза; частотность и SERP не проверены"
запись на консультацию юриста Бузулук;Запись;Транзакционный;https://obz-pravo.ru/zapis-na-priem/;P1;;;;;;;Новая гипотеза версии 3;"Гипотеза; частотность и SERP не проверены"
записаться на приём юриста Бузулук;Запись;Транзакционный;https://obz-pravo.ru/zapis-na-priem/;P1;;;;;;;Новая гипотеза версии 3;"Гипотеза; частотность и SERP не проверены"
Светлана Якунина телефон;Контакты;Брендовый, навигационный;https://obz-pravo.ru/kontakty/;P2;;;;;;;Новая гипотеза версии 3;"Гипотеза; частотность и SERP не проверены"
контакты юриста Светланы Якуниной;Контакты;Брендовый, навигационный;https://obz-pravo.ru/kontakty/;P2;;;;;;;Новая гипотеза версии 3;"Гипотеза; частотность и SERP не проверены"
юрист 1 Мая 37а Бузулук;Контакты;Навигационный;https://obz-pravo.ru/kontakty/;P2;;;;;;;Новая гипотеза версии 3;"Гипотеза; частотность и SERP не проверены"
как доехать к юристу Светлане Якуниной;Контакты;Брендовый, навигационный;https://obz-pravo.ru/kontakty/;P2;;;;;;;Новая гипотеза версии 3;"Гипотеза; частотность и SERP не проверены"
что подготовить к консультации юриста;Вопросы;Информационный;https://obz-pravo.ru/voprosy/;P2;;;;;;;Новая гипотеза версии 3;"Гипотеза; частотность и SERP не проверены"
какие документы нужны для консультации юриста;Вопросы;Информационный;https://obz-pravo.ru/voprosy/;P2;;;;;;;Новая гипотеза версии 3;"Гипотеза; частотность и SERP не проверены"
как выбрать формат юридической помощи;Вопросы;Информационный;https://obz-pravo.ru/voprosy/;P2;;;;;;;Новая гипотеза версии 3;"Гипотеза; частотность и SERP не проверены"
что делать если задерживают зарплату;Вопросы;"Информационный; ссылка на трудовые вопросы";https://obz-pravo.ru/voprosy/;P2;;;;;;;Новая гипотеза версии 3;"Гипотеза; частотность и SERP не проверены"
что подготовить по трудовому спору;Трудовые вопросы;Информационный в рамках услуги;https://obz-pravo.ru/uslugi/trudovye-spory/;P2;;;;;;;Новая гипотеза версии 3;"Гипотеза; частотность и SERP не проверены"
как проверить договор перед подписанием;Вопросы;"Информационный; ссылка на договоры";https://obz-pravo.ru/voprosy/;P2;;;;;;;Новая гипотеза версии 3;"Гипотеза; частотность и SERP не проверены"
какие документы проверить перед покупкой квартиры;Вопросы;"Информационный; ссылка на недвижимость";https://obz-pravo.ru/voprosy/;P2;;;;;;;Новая гипотеза версии 3;"Гипотеза; частотность и SERP не проверены"
как подготовиться к суду по гражданскому делу;Вопросы;"Информационный; ссылка на судебную работу";https://obz-pravo.ru/voprosy/;P2;;;;;;;Новая гипотеза версии 3;"Гипотеза; частотность и SERP не проверены"
нужно ли собирать все документы до первого обращения к юристу;Вопросы;Информационный;https://obz-pravo.ru/voprosy/;P2;;;;;;;Новая гипотеза версии 3;"Гипотеза; частотность и SERP не проверены"
заявка юристу это запись на приём;Вопросы;Информационный;https://obz-pravo.ru/voprosy/;P2;;;;;;;Новая гипотеза версии 3;"Гипотеза; частотность и SERP не проверены"
что входит в консультацию юриста;Консультация;Информационный в рамках услуги;https://obz-pravo.ru/uslugi/konsultaciya/;P2;;;;;;;Новая гипотеза версии 3;"Гипотеза; частотность и SERP не проверены"
как согласовать стоимость работы юриста;Стоимость;Информационный, ценовой;https://obz-pravo.ru/stoimost/;P2;;;;;;;Новая гипотеза версии 3;"Гипотеза; частотность и SERP не проверены"
