Фраза;Частотность (широкая);Регион;Кластер;Посадочная;Решение
юрист;2199;Бузулук (11086);Главная;https://obz-pravo.ru/;"Целевой кандидат; проверить состав выдачи"
консультация юриста;419;Бузулук (11086);Консультация;https://obz-pravo.ru/consultation.html;"Целевой кандидат; проверить состав выдачи"
бесплатный юрист;387;Бузулук (11086);;;Исключить: условия или услуги не подтверждены
юрист бузулук;351;Бузулук (11086);Главная;https://obz-pravo.ru/;"Целевой кандидат; проверить состав выдачи"
бесплатная консультация юриста;345;Бузулук (11086);;;Исключить: условия или услуги не подтверждены
профессиональный юрист;146;Бузулук (11086);Главная;https://obz-pravo.ru/;"Целевой кандидат; проверить состав выдачи"
военный юрист;128;Бузулук (11086);;;Исключить: условия или услуги не подтверждены
юрист по недвижимости;113;Бузулук (11086);Недвижимость;https://obz-pravo.ru/real-estate.html;"Целевой кандидат; проверить состав выдачи"
деятельность юристов;91;Бузулук (11086);;;Не включать автоматически: информационный, неоднозначный или неподтверждённый интент
профессиональная деятельность юриста;85;Бузулук (11086);;;Исключить: учебный или кадровый запрос
юрист тгп;75;Бузулук (11086);;;Исключить: учебный или кадровый запрос
семейный юрист;70;Бузулук (11086);;;Исключить: условия или услуги не подтверждены
роль профессиональной деятельности юриста;68;Бузулук (11086);;;Исключить: учебный или кадровый запрос
роль юристов;68;Бузулук (11086);;;Не включать автоматически: информационный, неоднозначный или неподтверждённый интент
услуги юриста;67;Бузулук (11086);Главная;https://obz-pravo.ru/;"Целевой кандидат; проверить состав выдачи"
бизнес юрист;65;Бузулук (11086);;;Исключить: бренд или имя другого специалиста
профессия юрист;61;Бузулук (11086);;;Исключить: учебный или кадровый запрос
эссе юриста;61;Бузулук (11086);;;Исключить: учебный или кадровый запрос
вопрос юристу;59;Бузулук (11086);Главная;https://obz-pravo.ru/;"Целевой кандидат; проверить состав выдачи"
роль тгп в профессиональной деятельности юриста;57;Бузулук (11086);;;Исключить: учебный или кадровый запрос
юриста нея;52;Бузулук (11086);;;Не включать автоматически: информационный, неоднозначный или неподтверждённый интент
телефон юриста;51;Бузулук (11086);Главная;https://obz-pravo.ru/;"Целевой кандидат; проверить состав выдачи"
трудовой юрист;45;Бузулук (11086);Трудовые вопросы;https://obz-pravo.ru/labor.html;"Целевой кандидат; проверить состав выдачи"
юрист онлайн;44;Бузулук (11086);Консультация;https://obz-pravo.ru/consultation.html;"Целевой кандидат; проверить состав выдачи"
земельный юрист;41;Бузулук (11086);;;Не включать автоматически: информационный, неоднозначный или неподтверждённый интент
гражданский юрист;39;Бузулук (11086);Претензии и суд;https://obz-pravo.ru/court.html;"Целевой кандидат; проверить состав выдачи"
можно юриста;38;Бузулук (11086);;;Не включать автоматически: информационный, неоднозначный или неподтверждённый интент
юрист по трудовому праву;36;Бузулук (11086);Трудовые вопросы;https://obz-pravo.ru/labor.html;"Целевой кандидат; проверить состав выдачи"
нужен юрист;35;Бузулук (11086);Главная;https://obz-pravo.ru/;"Целевой кандидат; проверить состав выдачи"
эссе роль тгп в профессиональной деятельности юриста;33;Бузулук (11086);;;Исключить: учебный или кадровый запрос
суть юриста;31;Бузулук (11086);;;Не включать автоматически: информационный, неоднозначный или неподтверждённый интент
юрист оренбург;31;Бузулук (11086);;;Не включать автоматически: информационный, неоднозначный или неподтверждённый интент
будучи юристом;30;Бузулук (11086);;;Не включать автоматически: информационный, неоднозначный или неподтверждённый интент
бывший юрист;30;Бузулук (11086);;;Не включать автоматически: информационный, неоднозначный или неподтверждённый интент
юрист бузулук консультация;30;Бузулук (11086);Консультация;https://obz-pravo.ru/consultation.html;"Целевой кандидат; проверить состав выдачи"
темы юристов;29;Бузулук (11086);;;Не включать автоматически: информационный, неоднозначный или неподтверждённый интент
вакансии юрист;28;Бузулук (11086);;;Исключить: учебный или кадровый запрос
где юрист;28;Бузулук (11086);;;Не включать автоматически: информационный, неоднозначный или неподтверждённый интент
значение юриста;28;Бузулук (11086);;;Не включать автоматически: информационный, неоднозначный или неподтверждённый интент
юрист по гражданским вопросам;27;Бузулук (11086);Претензии и суд;https://obz-pravo.ru/court.html;"Целевой кандидат; проверить состав выдачи"
юристы в деле;27;Бузулук (11086);;;Не включать автоматически: информационный, неоднозначный или неподтверждённый интент
сколько юристов;27;Бузулук (11086);;;Не включать автоматически: информационный, неоднозначный или неподтверждённый интент
юрист город;26;Бузулук (11086);;;Не включать автоматически: информационный, неоднозначный или неподтверждённый интент
юрист самара;26;Бузулук (11086);;;Не включать автоматически: информационный, неоднозначный или неподтверждённый интент
бизнес юрист бузулук;26;Бузулук (11086);;;Исключить: бренд или имя другого специалиста
логика для юристов;26;Бузулук (11086);;;Не включать автоматически: информационный, неоднозначный или неподтверждённый интент
юристы финансист;26;Бузулук (11086);;;Не включать автоматически: информационный, неоднозначный или неподтверждённый интент
про юристов;26;Бузулук (11086);;;Не включать автоматически: информационный, неоднозначный или неподтверждённый интент
работа юристом;25;Бузулук (11086);;;Исключить: учебный или кадровый запрос
значение логики для юриста;25;Бузулук (11086);;;Не включать автоматически: информационный, неоднозначный или неподтверждённый интент
юрист социолог;25;Бузулук (11086);;;Не включать автоматически: информационный, неоднозначный или неподтверждённый интент
юрист телефон бузулук;23;Бузулук (11086);Главная;https://obz-pravo.ru/;"Целевой кандидат; проверить состав выдачи"
песня юриста;23;Бузулук (11086);;;Не включать автоматически: информационный, неоднозначный или неподтверждённый интент
юрист тема деятельность;23;Бузулук (11086);;;Не включать автоматически: информационный, неоднозначный или неподтверждённый интент
юрист 5;22;Бузулук (11086);;;Не включать автоматически: информационный, неоднозначный или неподтверждённый интент
номер юриста;21;Бузулук (11086);Главная;https://obz-pravo.ru/;"Целевой кандидат; проверить состав выдачи"
студент юрист;21;Бузулук (11086);;;Исключить: учебный или кадровый запрос
адреса юристов;20;Бузулук (11086);Главная;https://obz-pravo.ru/;"Целевой кандидат; проверить состав выдачи"
будущее юриста;19;Бузулук (11086);;;Не включать автоматически: информационный, неоднозначный или неподтверждённый интент
военный юрист бузулук;19;Бузулук (11086);;;Исключить: условия или услуги не подтверждены
слово юрист;19;Бузулук (11086);;;Не включать автоматически: информационный, неоднозначный или неподтверждённый интент
юристы область;19;Бузулук (11086);;;Не включать автоматически: информационный, неоднозначный или неподтверждённый интент
1 юрист;18;Бузулук (11086);;;Не включать автоматически: информационный, неоднозначный или неподтверждённый интент
юрист юриста понимает;18;Бузулук (11086);;;Не включать автоматически: информационный, неоднозначный или неподтверждённый интент
тема эссе юристы;18;Бузулук (11086);;;Исключить: учебный или кадровый запрос
гимн юристов;18;Бузулук (11086);;;Не включать автоматически: информационный, неоднозначный или неподтверждённый интент
ценности юристов;18;Бузулук (11086);;;Не включать автоматически: информационный, неоднозначный или неподтверждённый интент
номер телефона юриста;17;Бузулук (11086);Главная;https://obz-pravo.ru/;"Целевой кандидат; проверить состав выдачи"
понятие юрист;17;Бузулук (11086);;;Не включать автоматически: информационный, неоднозначный или неподтверждённый интент
математика юриста;17;Бузулук (11086);;;Не включать автоматически: информационный, неоднозначный или неподтверждённый интент
юрист математик;17;Бузулук (11086);;;Не включать автоматически: информационный, неоднозначный или неподтверждённый интент
смыслов юристы;17;Бузулук (11086);;;Не включать автоматически: информационный, неоднозначный или неподтверждённый интент
профессиональная этика юриста;17;Бузулук (11086);;;Исключить: учебный или кадровый запрос
этика юриста;17;Бузулук (11086);;;Не включать автоматически: информационный, неоднозначный или неподтверждённый интент
функции юриста;17;Бузулук (11086);;;Не включать автоматически: информационный, неоднозначный или неподтверждённый интент
юрист по семейным делам;17;Бузулук (11086);;;Исключить: условия или услуги не подтверждены
юрист после;17;Бузулук (11086);;;Не включать автоматически: информационный, неоднозначный или неподтверждённый интент
мировоззрение юриста;17;Бузулук (11086);;;Не включать автоматически: информационный, неоднозначный или неподтверждённый интент
можно ли юристу;16;Бузулук (11086);;;Не включать автоматически: информационный, неоднозначный или неподтверждённый интент
юрист года;16;Бузулук (11086);;;Не включать автоматически: информационный, неоднозначный или неподтверждённый интент
юрист объяснил;16;Бузулук (11086);;;Не включать автоматически: информационный, неоднозначный или неподтверждённый интент
юрист цифры;16;Бузулук (11086);;;Не включать автоматически: информационный, неоднозначный или неподтверждённый интент
ем юрист;16;Бузулук (11086);;;Не включать автоматически: информационный, неоднозначный или неподтверждённый интент
класс юрист;16;Бузулук (11086);;;Не включать автоматически: информационный, неоднозначный или неподтверждённый интент
бузулук бесплатный юрист;16;Бузулук (11086);;;Исключить: условия или услуги не подтверждены
юрист город бузулук;16;Бузулук (11086);Главная;https://obz-pravo.ru/;"Целевой кандидат; проверить состав выдачи"
какие юристы нужны;16;Бузулук (11086);;;Не включать автоматически: информационный, неоднозначный или неподтверждённый интент
юрист в суде;15;Бузулук (11086);Претензии и суд;https://obz-pravo.ru/court.html;"Целевой кандидат; проверить состав выдачи"
вакансии бузулук юрист;15;Бузулук (11086);;;Исключить: учебный или кадровый запрос
юрист г;15;Бузулук (11086);;;Не включать автоматически: информационный, неоднозначный или неподтверждённый интент
поступить на юриста;15;Бузулук (11086);;;Не включать автоматически: информационный, неоднозначный или неподтверждённый интент
правовой юрист;15;Бузулук (11086);;;Не включать автоматически: информационный, неоднозначный или неподтверждённый интент
юрист и право;15;Бузулук (11086);;;Не включать автоматически: информационный, неоднозначный или неподтверждённый интент
личный юрист;14;Бузулук (11086);;;Не включать автоматически: информационный, неоднозначный или неподтверждённый интент
юрист 9;14;Бузулук (11086);;;Не включать автоматически: информационный, неоднозначный или неподтверждённый интент
линии юристы;14;Бузулук (11086);;;Не включать автоматически: информационный, неоднозначный или неподтверждённый интент
юрист горячая;14;Бузулук (11086);;;Не включать автоматически: информационный, неоднозначный или неподтверждённый интент
юрист горячая линия;14;Бузулук (11086);;;Не включать автоматически: информационный, неоднозначный или неподтверждённый интент
философы юристы;14;Бузулук (11086);;;Не включать автоматически: информационный, неоднозначный или неподтверждённый интент
юрист бузулук номер телефона;14;Бузулук (11086);Главная;https://obz-pravo.ru/;"Целевой кандидат; проверить состав выдачи"
организация юристов;14;Бузулук (11086);;;Не включать автоматически: информационный, неоднозначный или неподтверждённый интент
кодекс юриста;14;Бузулук (11086);;;Не включать автоматически: информационный, неоднозначный или неподтверждённый интент
афоризм юриста;14;Бузулук (11086);;;Не включать автоматически: информационный, неоднозначный или неподтверждённый интент
колледж на юриста;14;Бузулук (11086);;;Исключить: учебный или кадровый запрос
бесплатный юрист онлайн;13;Бузулук (11086);;;Исключить: условия или услуги не подтверждены
требуется юрист;13;Бузулук (11086);;;Исключить: учебный или кадровый запрос
учиться на юриста;13;Бузулук (11086);;;Исключить: учебный или кадровый запрос
день юриста;13;Бузулук (11086);;;Не включать автоматически: информационный, неоднозначный или неподтверждённый интент
дне юриста;13;Бузулук (11086);;;Не включать автоматически: информационный, неоднозначный или неподтверждённый интент
юрист физик;13;Бузулук (11086);;;Не включать автоматически: информационный, неоднозначный или неподтверждённый интент
юристы физики;13;Бузулук (11086);;;Не включать автоматически: информационный, неоднозначный или неподтверждённый интент
юрист государства;12;Бузулук (11086);;;Не включать автоматически: информационный, неоднозначный или неподтверждённый интент
профессиональные слова юриста;12;Бузулук (11086);;;Исключить: учебный или кадровый запрос
принцип юриста;12;Бузулук (11086);;;Не включать автоматически: информационный, неоднозначный или неподтверждённый интент
кабинет юриста;12;Бузулук (11086);;;Не включать автоматически: информационный, неоднозначный или неподтверждённый интент
моя будущая профессия юрист;12;Бузулук (11086);;;Исключить: учебный или кадровый запрос
юрист 9 класс;12;Бузулук (11086);;;Не включать автоматически: информационный, неоднозначный или неподтверждённый интент
оренбургская область юристов;12;Бузулук (11086);;;Не включать автоматически: информационный, неоднозначный или неподтверждённый интент
оренбургские юрист;12;Бузулук (11086);;;Не включать автоматически: информационный, неоднозначный или неподтверждённый интент
почему юристом;12;Бузулук (11086);;;Не включать автоматически: информационный, неоднозначный или неподтверждённый интент
клиенты юристам;11;Бузулук (11086);;;Не включать автоматически: информационный, неоднозначный или неподтверждённый интент
юрист личный кабинет;11;Бузулук (11086);;;Не включать автоматически: информационный, неоднозначный или неподтверждённый интент
сочинение юриста;11;Бузулук (11086);;;Исключить: учебный или кадровый запрос
спо юрист;11;Бузулук (11086);;;Не включать автоматически: информационный, неоднозначный или неподтверждённый интент
юристы россии;10;Бузулук (11086);;;Не включать автоматически: информационный, неоднозначный или неподтверждённый интент
какие есть юристы;10;Бузулук (11086);;;Не включать автоматически: информационный, неоднозначный или неподтверждённый интент
ии юрист;10;Бузулук (11086);;;Не включать автоматически: информационный, неоднозначный или неподтверждённый интент
юрист наталья;10;Бузулук (11086);;;Не включать автоматически: информационный, неоднозначный или неподтверждённый интент
юрист рф;10;Бузулук (11086);;;Не включать автоматически: информационный, неоднозначный или неподтверждённый интент
кодекс профессиональной этики юриста;10;Бузулук (11086);;;Исключить: учебный или кадровый запрос
кодекс этики юриста;10;Бузулук (11086);;;Не включать автоматически: информационный, неоднозначный или неподтверждённый интент
корпоративный юрист;10;Бузулук (11086);Бизнес;https://obz-pravo.ru/business.html;"Целевой кандидат; проверить состав выдачи"
предмет профессиональной этики юриста;10;Бузулук (11086);;;Исключить: учебный или кадровый запрос
предмет этики юриста;10;Бузулук (11086);;;Не включать автоматически: информационный, неоднозначный или неподтверждённый интент
профессиональный кодекс юриста;10;Бузулук (11086);;;Исключить: учебный или кадровый запрос
функции деятельности юриста;10;Бузулук (11086);;;Не включать автоматически: информационный, неоднозначный или неподтверждённый интент
юрист по семейному праву;10;Бузулук (11086);;;Исключить: условия или услуги не подтверждены
решения юрист;10;Бузулук (11086);;;Не включать автоматически: информационный, неоднозначный или неподтверждённый интент
юрист после 9;10;Бузулук (11086);;;Не включать автоматически: информационный, неоднозначный или неподтверждённый интент
финансовый юрист;10;Бузулук (11086);;;Не включать автоматически: информационный, неоднозначный или неподтверждённый интент
юрист финансов;10;Бузулук (11086);;;Не включать автоматически: информационный, неоднозначный или неподтверждённый интент
юристом предложения;10;Бузулук (11086);;;Не включать автоматически: информационный, неоднозначный или неподтверждённый интент
юрист 7;10;Бузулук (11086);;;Не включать автоматически: информационный, неоднозначный или неподтверждённый интент
юристы людям;10;Бузулук (11086);;;Не включать автоматически: информационный, неоднозначный или неподтверждённый интент
бесплатный военный юрист;10;Бузулук (11086);;;Исключить: условия или услуги не подтверждены
хороший юрист;10;Бузулук (11086);Главная;https://obz-pravo.ru/;"Целевой кандидат; проверить состав выдачи"
юристы 17;9;Бузулук (11086);;;Не включать автоматически: информационный, неоднозначный или неподтверждённый интент
какие предметы на юриста;9;Бузулук (11086);;;Не включать автоматически: информационный, неоднозначный или неподтверждённый интент
предметы на юриста;9;Бузулук (11086);;;Не включать автоматически: информационный, неоднозначный или неподтверждённый интент
стать юристом;9;Бузулук (11086);;;Не включать автоматически: информационный, неоднозначный или неподтверждённый интент
без юриста;9;Бузулук (11086);;;Не включать автоматически: информационный, неоднозначный или неподтверждённый интент
юрист компании;9;Бузулук (11086);Бизнес;https://obz-pravo.ru/business.html;"Целевой кандидат; проверить состав выдачи"
юрист и правовое государство;9;Бузулук (11086);;;Не включать автоматически: информационный, неоднозначный или неподтверждённый интент
кодексы профессиональной деятельности юриста;9;Бузулук (11086);;;Исключить: учебный или кадровый запрос
основная деятельность юриста;9;Бузулук (11086);;;Не включать автоматически: информационный, неоднозначный или неподтверждённый интент
основные функции юристов;9;Бузулук (11086);;;Не включать автоматически: информационный, неоднозначный или неподтверждённый интент
предмет деятельности юристов;9;Бузулук (11086);;;Не включать автоматически: информационный, неоднозначный или неподтверждённый интент
профессиональная деятельность юриста структура;9;Бузулук (11086);;;Исключить: учебный или кадровый запрос
профессиональные функции юриста;9;Бузулук (11086);;;Исключить: учебный или кадровый запрос
структура деятельности юриста;9;Бузулук (11086);;;Не включать автоматически: информационный, неоднозначный или неподтверждённый интент
структура профессиональной этики юриста;9;Бузулук (11086);;;Исключить: учебный или кадровый запрос
структура юрист;9;Бузулук (11086);;;Не включать автоматически: информационный, неоднозначный или неподтверждённый интент
функции профессиональной деятельности юриста;9;Бузулук (11086);;;Исключить: учебный или кадровый запрос
черт юрист;9;Бузулук (11086);;;Не включать автоматически: информационный, неоднозначный или неподтверждённый интент
этика деятельности юриста;9;Бузулук (11086);;;Не включать автоматически: информационный, неоднозначный или неподтверждённый интент
этика профессиональной деятельности юриста;9;Бузулук (11086);;;Исключить: учебный или кадровый запрос
этический кодекс юриста;9;Бузулук (11086);;;Не включать автоматически: информационный, неоднозначный или неподтверждённый интент
юрист заочка;9;Бузулук (11086);;;Не включать автоматически: информационный, неоднозначный или неподтверждённый интент
бизнес юрист кабинет;9;Бузулук (11086);;;Исключить: бренд или имя другого специалиста
бизнес юрист личный;9;Бузулук (11086);;;Исключить: бренд или имя другого специалиста
бизнес юрист личный кабинет;9;Бузулук (11086);;;Исключить: бренд или имя другого специалиста
личный кабинет клиента бизнес юрист;9;Бузулук (11086);;;Исключить: бренд или имя другого специалиста
юрист на английском;9;Бузулук (11086);;;Не включать автоматически: информационный, неоднозначный или неподтверждённый интент
требуется юрист город бузулук;9;Бузулук (11086);;;Исключить: учебный или кадровый запрос
юристы самые;9;Бузулук (11086);;;Не включать автоматически: информационный, неоднозначный или неподтверждённый интент
дом юриста;9;Бузулук (11086);;;Не включать автоматически: информационный, неоднозначный или неподтверждённый интент
юрист после 9 класса;9;Бузулук (11086);;;Не включать автоматически: информационный, неоднозначный или неподтверждённый интент
юрист ташкент;9;Бузулук (11086);;;Не включать автоматически: информационный, неоднозначный или неподтверждённый интент
развитие юриста;9;Бузулук (11086);;;Не включать автоматически: информационный, неоднозначный или неподтверждённый интент
занятость юриста;9;Бузулук (11086);;;Не включать автоматически: информационный, неоднозначный или неподтверждённый интент
диплом юриста;8;Бузулук (11086);;;Не включать автоматически: информационный, неоднозначный или неподтверждённый интент
юрист по гражданским делам;8;Бузулук (11086);Претензии и суд;https://obz-pravo.ru/court.html;"Целевой кандидат; проверить состав выдачи"
язык юристов;8;Бузулук (11086);;;Не включать автоматически: информационный, неоднозначный или неподтверждённый интент
юрист 3;8;Бузулук (11086);;;Не включать автоматически: информационный, неоднозначный или неподтверждённый интент
как называется юрист;8;Бузулук (11086);;;Не включать автоматически: информационный, неоднозначный или неподтверждённый интент
получать юрист;8;Бузулук (11086);;;Не включать автоматически: информационный, неоднозначный или неподтверждённый интент
юрист по сво;8;Бузулук (11086);;;Исключить: условия или услуги не подтверждены
онлайн консультация юриста;8;Бузулук (11086);Консультация;https://obz-pravo.ru/consultation.html;"Целевой кандидат; проверить состав выдачи"
юрист по выплатам;8;Бузулук (11086);;;Не включать автоматически: информационный, неоднозначный или неподтверждённый интент
данилов юрист;8;Бузулук (11086);;;Исключить: бренд или имя другого специалиста
данилова юрист;8;Бузулук (11086);;;Исключить: бренд или имя другого специалиста
выбрать юриста;8;Бузулук (11086);Главная;https://obz-pravo.ru/;"Целевой кандидат; проверить состав выдачи"
юрист возможности;8;Бузулук (11086);;;Не включать автоматически: информационный, неоднозначный или неподтверждённый интент
юрист 2026;8;Бузулук (11086);;;Не включать автоматически: информационный, неоднозначный или неподтверждённый интент
деформация юристы;8;Бузулук (11086);;;Не включать автоматически: информационный, неоднозначный или неподтверждённый интент
профессиональная деформация юриста;8;Бузулук (11086);;;Исключить: учебный или кадровый запрос
формирование юриста;8;Бузулук (11086);;;Не включать автоматически: информационный, неоднозначный или неподтверждённый интент
юристы город самара;8;Бузулук (11086);;;Не включать автоматически: информационный, неоднозначный или неподтверждённый интент
бесплатный юрист телефон;8;Бузулук (11086);;;Исключить: условия или услуги не подтверждены
высшее юрист;8;Бузулук (11086);;;Не включать автоматически: информационный, неоднозначный или неподтверждённый интент
задачи юриста;8;Бузулук (11086);;;Не включать автоматически: информационный, неоднозначный или неподтверждённый интент
ооо юрист;8;Бузулук (11086);;;Не включать автоматически: информационный, неоднозначный или неподтверждённый интент
вопрос юристу бесплатно;8;Бузулук (11086);;;Исключить: условия или услуги не подтверждены
юрист деньги;8;Бузулук (11086);;;Не включать автоматически: информационный, неоднозначный или неподтверждённый интент
татьяна юрист;7;Бузулук (11086);;;Не включать автоматически: информационный, неоднозначный или неподтверждённый интент
хохлов юрист;7;Бузулук (11086);;;Исключить: бренд или имя другого специалиста
хохлова татьяна вячеславовна бузулук юрист;7;Бузулук (11086);;;Исключить: бренд или имя другого специалиста
юрист геленджик;7;Бузулук (11086);;;Не включать автоматически: информационный, неоднозначный или неподтверждённый интент
сколько стоит юрист;7;Бузулук (11086);;;Не включать автоматически: информационный, неоднозначный или неподтверждённый интент
юрист стоит;7;Бузулук (11086);;;Не включать автоматически: информационный, неоднозначный или неподтверждённый интент
какие нужно сдавать на юриста;7;Бузулук (11086);;;Не включать автоматически: информационный, неоднозначный или неподтверждённый интент
какие предметы нужно сдавать на юриста;7;Бузулук (11086);;;Не включать автоматически: информационный, неоднозначный или неподтверждённый интент
какие предметы сдавать на юриста;7;Бузулук (11086);;;Не включать автоматически: информационный, неоднозначный или неподтверждённый интент
предметы нужно сдавать на юриста;7;Бузулук (11086);;;Не включать автоматически: информационный, неоднозначный или неподтверждённый интент
юрист предметы сдавать;7;Бузулук (11086);;;Не включать автоматически: информационный, неоднозначный или неподтверждённый интент
форма юриста;7;Бузулук (11086);;;Не включать автоматически: информационный, неоднозначный или неподтверждённый интент
юристы мгюа;7;Бузулук (11086);;;Не включать автоматически: информационный, неоднозначный или неподтверждённый интент
может ли юрист;7;Бузулук (11086);;;Не включать автоматически: информационный, неоднозначный или неподтверждённый интент
доверенность на юриста;7;Бузулук (11086);;;Не включать автоматически: информационный, неоднозначный или неподтверждённый интент
профессиональная профессия юриста;7;Бузулук (11086);;;Исключить: учебный или кадровый запрос
юристы сумма;7;Бузулук (11086);;;Не включать автоматически: информационный, неоднозначный или неподтверждённый интент
юрист высшее образование;7;Бузулук (11086);;;Не включать автоматически: информационный, неоднозначный или неподтверждённый интент
юрист решала;7;Бузулук (11086);;;Не включать автоматически: информационный, неоднозначный или неподтверждённый интент
вопрос юристу какой;7;Бузулук (11086);;;Не включать автоматически: информационный, неоднозначный или неподтверждённый интент
законодательство юрист;7;Бузулук (11086);;;Не включать автоматически: информационный, неоднозначный или неподтверждённый интент
реформа юристы;7;Бузулук (11086);;;Не включать автоматически: информационный, неоднозначный или неподтверждённый интент
ученик юриста;7;Бузулук (11086);;;Не включать автоматически: информационный, неоднозначный или неподтверждённый интент
учесть юриста;7;Бузулук (11086);;;Не включать автоматически: информационный, неоднозначный или неподтверждённый интент
функции права юрист;7;Бузулук (11086);;;Не включать автоматически: информационный, неоднозначный или неподтверждённый интент
юрист анализирует;7;Бузулук (11086);;;Не включать автоматически: информационный, неоднозначный или неподтверждённый интент
юрист изменения;7;Бузулук (11086);;;Не включать автоматически: информационный, неоднозначный или неподтверждённый интент
юрист основы;7;Бузулук (11086);;;Не включать автоматически: информационный, неоднозначный или неподтверждённый интент
юрист примем;7;Бузулук (11086);;;Не включать автоматически: информационный, неоднозначный или неподтверждённый интент
юрист тенденция;7;Бузулук (11086);;;Не включать автоматически: информационный, неоднозначный или неподтверждённый интент
юристы правовое решение;7;Бузулук (11086);;;Не включать автоматически: информационный, неоднозначный или неподтверждённый интент
юристы простые решения;7;Бузулук (11086);;;Не включать автоматически: информационный, неоднозначный или неподтверждённый интент
договор юрист;7;Бузулук (11086);Договоры;https://obz-pravo.ru/contracts.html;"Целевой кандидат; проверить состав выдачи"
заявление юрист;7;Бузулук (11086);;;Не включать автоматически: информационный, неоднозначный или неподтверждённый интент
юрист характер;7;Бузулук (11086);;;Не включать автоматически: информационный, неоднозначный или неподтверждённый интент
песни про юристов;6;Бузулук (11086);;;Не включать автоматически: информационный, неоднозначный или неподтверждённый интент
песня студенты юристы;6;Бузулук (11086);;;Исключить: учебный или кадровый запрос
ольга юрист;6;Бузулук (11086);;;Не включать автоматически: информационный, неоднозначный или неподтверждённый интент
вопрос юристу бесплатно онлайн;6;Бузулук (11086);;;Исключить: условия или услуги не подтверждены
вопрос юристу онлайн;6;Бузулук (11086);;;Не включать автоматически: информационный, неоднозначный или неподтверждённый интент
качества юриста;6;Бузулук (11086);;;Не включать автоматически: информационный, неоднозначный или неподтверждённый интент
выбор юриста;6;Бузулук (11086);;;Не включать автоматически: информационный, неоднозначный или неподтверждённый интент
юрист выборы;6;Бузулук (11086);;;Не включать автоматически: информационный, неоднозначный или неподтверждённый интент
юрист профессия выбор;6;Бузулук (11086);;;Исключить: учебный или кадровый запрос
курсы для юристов;6;Бузулук (11086);;;Не включать автоматически: информационный, неоднозначный или неподтверждённый интент
военный юрист телефон;6;Бузулук (11086);;;Исключить: условия или услуги не подтверждены
екатерина юрист;6;Бузулук (11086);;;Не включать автоматически: информационный, неоднозначный или неподтверждённый интент
главный юрист;6;Бузулук (11086);;;Не включать автоматически: информационный, неоднозначный или неподтверждённый интент
английский для юристов мгюа;6;Бузулук (11086);;;Не включать автоматически: информационный, неоднозначный или неподтверждённый интент
английский для юристов спо;6;Бузулук (11086);;;Не включать автоматически: информационный, неоднозначный или неподтверждённый интент
английский язык для юристов;6;Бузулук (11086);;;Не включать автоматически: информационный, неоднозначный или неподтверждённый интент
английский язык для юристов мгюа;6;Бузулук (11086);;;Не включать автоматически: информационный, неоднозначный или неподтверждённый интент
английский язык для юристов спо;6;Бузулук (11086);;;Не включать автоматически: информационный, неоднозначный или неподтверждённый интент
служба юристов;6;Бузулук (11086);;;Не включать автоматически: информационный, неоднозначный или неподтверждённый интент
юрист франция;6;Бузулук (11086);;;Не включать автоматически: информационный, неоднозначный или неподтверждённый интент
юрист представила;6;Бузулук (11086);;;Не включать автоматически: информационный, неоднозначный или неподтверждённый интент
бизнес юрист приложение;6;Бузулук (11086);;;Исключить: бренд или имя другого специалиста
почему именно юрист;6;Бузулук (11086);;;Не включать автоматически: информационный, неоднозначный или неподтверждённый интент
кем работают юристы;6;Бузулук (11086);;;Не включать автоматически: информационный, неоднозначный или неподтверждённый интент
юрист какие профессии;6;Бузулук (11086);;;Исключить: учебный или кадровый запрос
юристы г бузулук;6;Бузулук (11086);Главная;https://obz-pravo.ru/;"Целевой кандидат; проверить состав выдачи"
юристы оренбург телефоны;6;Бузулук (11086);;;Не включать автоматически: информационный, неоднозначный или неподтверждённый интент
юрист мнение юриста;6;Бузулук (11086);;;Не включать автоматически: информационный, неоднозначный или неподтверждённый интент
общественный юрист;6;Бузулук (11086);;;Не включать автоматически: информационный, неоднозначный или неподтверждённый интент
юрист 15;6;Бузулук (11086);;;Не включать автоматически: информационный, неоднозначный или неподтверждённый интент
государственный юрист;5;Бузулук (11086);;;Не включать автоматически: информационный, неоднозначный или неподтверждённый интент
сторона юрист;5;Бузулук (11086);;;Не включать автоматически: информационный, неоднозначный или неподтверждённый интент
юрист онлайн консультация бесплатно;5;Бузулук (11086);;;Исключить: условия или услуги не подтверждены
юрист лиц;5;Бузулук (11086);;;Не включать автоматически: информационный, неоднозначный или неподтверждённый интент
скачать юрист;5;Бузулук (11086);;;Не включать автоматически: информационный, неоднозначный или неподтверждённый интент
юрист по выплатам сво;5;Бузулук (11086);;;Исключить: условия или услуги не подтверждены
ленин юрист;5;Бузулук (11086);;;Не включать автоматически: информационный, неоднозначный или неподтверждённый интент
отдел юрист;5;Бузулук (11086);;;Не включать автоматически: информационный, неоднозначный или неподтверждённый интент
знания юриста;5;Бузулук (11086);;;Не включать автоматически: информационный, неоднозначный или неподтверждённый интент
юрист ул;5;Бузулук (11086);;;Не включать автоматически: информационный, неоднозначный или неподтверждённый интент
где работают юристы;5;Бузулук (11086);;;Не включать автоматически: информационный, неоднозначный или неподтверждённый интент
литература для юристов;5;Бузулук (11086);;;Не включать автоматически: информационный, неоднозначный или неподтверждённый интент
личность профессионального юриста;5;Бузулук (11086);;;Исключить: учебный или кадровый запрос
личность юриста;5;Бузулук (11086);;;Не включать автоматически: информационный, неоднозначный или неподтверждённый интент
организации где работают юристы;5;Бузулук (11086);;;Не включать автоматически: информационный, неоднозначный или неподтверждённый интент
писать юриста;5;Бузулук (11086);;;Не включать автоматически: информационный, неоднозначный или неподтверждённый интент
пишущий юрист;5;Бузулук (11086);;;Не включать автоматически: информационный, неоднозначный или неподтверждённый интент
подготовка юриста;5;Бузулук (11086);;;Не включать автоматически: информационный, неоднозначный или неподтверждённый интент
директор юрист;5;Бузулук (11086);;;Не включать автоматически: информационный, неоднозначный или неподтверждённый интент
право в деятельности юриста;5;Бузулук (11086);;;Не включать автоматически: информационный, неоднозначный или неподтверждённый интент
юрист составить;5;Бузулук (11086);;;Не включать автоматически: информационный, неоднозначный или неподтверждённый интент
бизнес юрист отзывы;5;Бузулук (11086);;;Исключить: бренд или имя другого специалиста
гай юрист;5;Бузулук (11086);;;Не включать автоматически: информационный, неоднозначный или неподтверждённый интент
про студентов юристов;5;Бузулук (11086);;;Исключить: учебный или кадровый запрос
реши задачу юриста;5;Бузулук (11086);;;Не включать автоматически: информационный, неоднозначный или неподтверждённый интент
текст юрист;5;Бузулук (11086);;;Не включать автоматически: информационный, неоднозначный или неподтверждённый интент
юрист гаи;5;Бузулук (11086);;;Не включать автоматически: информационный, неоднозначный или неподтверждённый интент
юрист квартиры;5;Бузулук (11086);;;Не включать автоматически: информационный, неоднозначный или неподтверждённый интент
специальность юрист;5;Бузулук (11086);;;Не включать автоматически: информационный, неоднозначный или неподтверждённый интент
что делает юрист;5;Бузулук (11086);;;Не включать автоматически: информационный, неоднозначный или неподтверждённый интент
бесплатный юрист круглосуточно;5;Бузулук (11086);;;Исключить: условия или услуги не подтверждены
консультации юриста бесплатно круглосуточно;5;Бузулук (11086);;;Исключить: условия или услуги не подтверждены
консультация юриста круглосуточно;5;Бузулук (11086);;;Исключить: условия или услуги не подтверждены
юрист круглосуточно;5;Бузулук (11086);;;Исключить: условия или услуги не подтверждены
фильмы про юристов;5;Бузулук (11086);;;Не включать автоматически: информационный, неоднозначный или неподтверждённый интент
юрист запутанных дел;5;Бузулук (11086);;;Не включать автоматически: информационный, неоднозначный или неподтверждённый интент
юрист бугуруслан;5;Бузулук (11086);;;Не включать автоматически: информационный, неоднозначный или неподтверждённый интент
юристы 4;5;Бузулук (11086);;;Не включать автоматически: информационный, неоднозначный или неподтверждённый интент
harant юристы;5;Бузулук (11086);;;Исключить: бренд или имя другого специалиста
александр александров юрист;5;Бузулук (11086);;;Не включать автоматически: информационный, неоднозначный или неподтверждённый интент
александров юрист;5;Бузулук (11086);;;Не включать автоматически: информационный, неоднозначный или неподтверждённый интент
консультация юриста harant;5;Бузулук (11086);;;Исключить: бренд или имя другого специалиста
момент юрист;5;Бузулук (11086);;;Не включать автоматически: информационный, неоднозначный или неподтверждённый интент
юрист александр;5;Бузулук (11086);;;Не включать автоматически: информационный, неоднозначный или неподтверждённый интент
юрист медик;5;Бузулук (11086);;;Не включать автоматически: информационный, неоднозначный или неподтверждённый интент
юрист общества;5;Бузулук (11086);;;Не включать автоматически: информационный, неоднозначный или неподтверждённый интент
юрист по недвижимости бузулук;5;Бузулук (11086);Недвижимость;https://obz-pravo.ru/real-estate.html;"Целевой кандидат; проверить состав выдачи"
юрист фото;5;Бузулук (11086);;;Не включать автоматически: информационный, неоднозначный или неподтверждённый интент
зарплата юриста;5;Бузулук (11086);;;Не включать автоматически: информационный, неоднозначный или неподтверждённый интент
ищу юриста;5;Бузулук (11086);;;Не включать автоматически: информационный, неоднозначный или неподтверждённый интент
юристы ищущие;5;Бузулук (11086);;;Не включать автоматически: информационный, неоднозначный или неподтверждённый интент
документы юриста;5;Бузулук (11086);;;Не включать автоматически: информационный, неоднозначный или неподтверждённый интент
юрист по долгам;5;Бузулук (11086);;;Не включать автоматически: информационный, неоднозначный или неподтверждённый интент
юрист 2;5;Бузулук (11086);;;Не включать автоматически: информационный, неоднозначный или неподтверждённый интент
какие обязанности у юриста;5;Бузулук (11086);;;Не включать автоматически: информационный, неоднозначный или неподтверждённый интент
миграционный юрист;5;Бузулук (11086);;;Не включать автоматически: информационный, неоднозначный или неподтверждённый интент
обязанности юриста;5;Бузулук (11086);;;Не включать автоматически: информационный, неоднозначный или неподтверждённый интент
юрист по ипотеке;5;Бузулук (11086);;;Не включать автоматически: информационный, неоднозначный или неподтверждённый интент
юрист по миграционным вопросам;5;Бузулук (11086);;;Не включать автоматически: информационный, неоднозначный или неподтверждённый интент
юрист тоцкое;5;Бузулук (11086);;;Не включать автоматически: информационный, неоднозначный или неподтверждённый интент
должный юрист;4;Бузулук (11086);;;Не включать автоматически: информационный, неоднозначный или неподтверждённый интент
практика юриста;4;Бузулук (11086);;;Не включать автоматически: информационный, неоднозначный или неподтверждённый интент
страна юрист;4;Бузулук (11086);;;Не включать автоматически: информационный, неоднозначный или неподтверждённый интент
военный юрист оренбург;4;Бузулук (11086);;;Исключить: условия или услуги не подтверждены
защита юриста;4;Бузулук (11086);;;Не включать автоматически: информационный, неоднозначный или неподтверждённый интент
как написать юристу;4;Бузулук (11086);;;Не включать автоматически: информационный, неоднозначный или неподтверждённый интент
юрист экономист;4;Бузулук (11086);;;Не включать автоматически: информационный, неоднозначный или неподтверждённый интент
начинающий юрист;4;Бузулук (11086);;;Не включать автоматически: информационный, неоднозначный или неподтверждённый интент
юрист начало;4;Бузулук (11086);;;Не включать автоматически: информационный, неоднозначный или неподтверждённый интент
ваш юрист;4;Бузулук (11086);;;Не включать автоматически: информационный, неоднозначный или неподтверждённый интент
методы юриста;4;Бузулук (11086);;;Не включать автоматически: информационный, неоднозначный или неподтверждённый интент
строительный юрист;4;Бузулук (11086);;;Не включать автоматически: информационный, неоднозначный или неподтверждённый интент
колледжи самара юрист;4;Бузулук (11086);;;Исключить: учебный или кадровый запрос
юрист по военкомату;4;Бузулук (11086);;;Не включать автоматически: информационный, неоднозначный или неподтверждённый интент
юрист по делам военкомата;4;Бузулук (11086);;;Не включать автоматически: информационный, неоднозначный или неподтверждённый интент
каким юристом стать;4;Бузулук (11086);;;Не включать автоматически: информационный, неоднозначный или неподтверждённый интент
бьюти юристы;4;Бузулук (11086);;;Не включать автоматически: информационный, неоднозначный или неподтверждённый интент
услуги юриста какого;4;Бузулук (11086);;;Не включать автоматически: информационный, неоднозначный или неподтверждённый интент
юрист мастер;4;Бузулук (11086);;;Не включать автоматически: информационный, неоднозначный или неподтверждённый интент
действующий юрист;4;Бузулук (11086);;;Не включать автоматически: информационный, неоднозначный или неподтверждённый интент
консультация юриста право;4;Бузулук (11086);Консультация;https://obz-pravo.ru/consultation.html;"Целевой кандидат; проверить состав выдачи"
пойти на юриста;4;Бузулук (11086);;;Не включать автоматически: информационный, неоднозначный или неподтверждённый интент
пошла на юриста;4;Бузулук (11086);;;Не включать автоматически: информационный, неоднозначный или неподтверждённый интент
юрист действует;4;Бузулук (11086);;;Не включать автоматически: информационный, неоднозначный или неподтверждённый интент
яндекс юрист;4;Бузулук (11086);;;Не включать автоматически: информационный, неоднозначный или неподтверждённый интент
поступать ли на юриста;4;Бузулук (11086);;;Не включать автоматически: информационный, неоднозначный или неподтверждённый интент
что сдавать на юриста;4;Бузулук (11086);;;Не включать автоматически: информационный, неоднозначный или неподтверждённый интент
юрист являющийся;4;Бузулук (11086);;;Не включать автоматически: информационный, неоднозначный или неподтверждённый интент
юрист теория;4;Бузулук (11086);;;Не включать автоматически: информационный, неоднозначный или неподтверждённый интент
юрист теория государства и право;4;Бузулук (11086);;;Не включать автоматически: информационный, неоднозначный или неподтверждённый интент
деформация личности юриста;4;Бузулук (11086);;;Не включать автоматически: информационный, неоднозначный или неподтверждённый интент
качество личности юриста;4;Бузулук (11086);;;Не включать автоматически: информационный, неоднозначный или неподтверждённый интент
корпоративная этика юриста;4;Бузулук (11086);;;Не включать автоматически: информационный, неоднозначный или неподтверждённый интент
независимый юрист;4;Бузулук (11086);;;Не включать автоматически: информационный, неоднозначный или неподтверждённый интент
нравственная этика юриста;4;Бузулук (11086);;;Не включать автоматически: информационный, неоднозначный или неподтверждённый интент
нравственные качества личности юриста;4;Бузулук (11086);;;Не включать автоматически: информационный, неоднозначный или неподтверждённый интент
нравственные качества юриста;4;Бузулук (11086);;;Не включать автоматически: информационный, неоднозначный или неподтверждённый интент
нравственный юрист;4;Бузулук (11086);;;Не включать автоматически: информационный, неоднозначный или неподтверждённый интент
правовая этика юриста;4;Бузулук (11086);;;Не включать автоматически: информационный, неоднозначный или неподтверждённый интент
правовые качества юриста;4;Бузулук (11086);;;Не включать автоматически: информационный, неоднозначный или неподтверждённый интент
принципы деятельности юристов;4;Бузулук (11086);;;Не включать автоматически: информационный, неоднозначный или неподтверждённый интент
профессиональная деформация личности юриста;4;Бузулук (11086);;;Исключить: учебный или кадровый запрос
профессиональная психологическая деформация личности юриста;4;Бузулук (11086);;;Исключить: учебный или кадровый запрос
профессиональные качества личности юриста;4;Бузулук (11086);;;Исключить: учебный или кадровый запрос
профессиональные качества юриста;4;Бузулук (11086);;;Исключить: учебный или кадровый запрос
профессиональные психологические качества юриста;4;Бузулук (11086);;;Исключить: учебный или кадровый запрос
психологическая личность юриста;4;Бузулук (11086);;;Не включать автоматически: информационный, неоднозначный или неподтверждённый интент
психологические качества личности юриста;4;Бузулук (11086);;;Не включать автоматически: информационный, неоднозначный или неподтверждённый интент
психологические качества юриста;4;Бузулук (11086);;;Не включать автоматически: информационный, неоднозначный или неподтверждённый интент
психологические юристы;4;Бузулук (11086);;;Не включать автоматически: информационный, неоднозначный или неподтверждённый интент
специалист юрист;4;Бузулук (11086);;;Не включать автоматически: информационный, неоднозначный или неподтверждённый интент
юрист следователь;4;Бузулук (11086);;;Не включать автоматически: информационный, неоднозначный или неподтверждённый интент
юристы больниц;4;Бузулук (11086);;;Не включать автоматически: информационный, неоднозначный или неподтверждённый интент
юристы брокеры;4;Бузулук (11086);;;Не включать автоматически: информационный, неоднозначный или неподтверждённый интент
юристы ндс;4;Бузулук (11086);;;Не включать автоматически: информационный, неоднозначный или неподтверждённый интент
система юрист;4;Бузулук (11086);;;Не включать автоматически: информационный, неоднозначный или неподтверждённый интент
юрист ст;4;Бузулук (11086);;;Не включать автоматически: информационный, неоднозначный или неподтверждённый интент
адвокаты юрист право;4;Бузулук (11086);;;Не включать автоматически: информационный, неоднозначный или неподтверждённый интент
вернуть юрист;4;Бузулук (11086);;;Не включать автоматически: информационный, неоднозначный или неподтверждённый интент
колледжи учиться на юриста;4;Бузулук (11086);;;Исключить: учебный или кадровый запрос
стандарт юриста;4;Бузулук (11086);;;Не включать автоматически: информационный, неоднозначный или неподтверждённый интент
юрист дмитриев;4;Бузулук (11086);;;Не включать автоматически: информационный, неоднозначный или неподтверждённый интент
юрист дмитрий;4;Бузулук (11086);;;Не включать автоматически: информационный, неоднозначный или неподтверждённый интент
юрист дмитрий дмитриев;4;Бузулук (11086);;;Не включать автоматически: информационный, неоднозначный или неподтверждённый интент
юристы читать;4;Бузулук (11086);;;Не включать автоматически: информационный, неоднозначный или неподтверждённый интент
авито юрист;4;Бузулук (11086);;;Не включать автоматически: информационный, неоднозначный или неподтверждённый интент
юриста контакте;4;Бузулук (11086);;;Не включать автоматически: информационный, неоднозначный или неподтверждённый интент
5 римских юристов;4;Бузулук (11086);;;Не включать автоматически: информационный, неоднозначный или неподтверждённый интент
5 юристов в римском праве;4;Бузулук (11086);;;Не включать автоматически: информационный, неоднозначный или неподтверждённый интент
баллов юрист;4;Бузулук (11086);;;Не включать автоматически: информационный, неоднозначный или неподтверждённый интент
делопроизводство юрист;4;Бузулук (11086);;;Не включать автоматически: информационный, неоднозначный или неподтверждённый интент
зачем юрист;4;Бузулук (11086);;;Не включать автоматически: информационный, неоднозначный или неподтверждённый интент
зачем юристу тгп;4;Бузулук (11086);;;Исключить: учебный или кадровый запрос
ии юрист бесплатно;4;Бузулук (11086);;;Исключить: условия или услуги не подтверждены
индивидуальный юрист;4;Бузулук (11086);;;Не включать автоматически: информационный, неоднозначный или неподтверждённый интент
продавать юриста;4;Бузулук (11086);;;Не включать автоматически: информационный, неоднозначный или неподтверждённый интент
проходной балл на юриста;4;Бузулук (11086);;;Не включать автоматически: информационный, неоднозначный или неподтверждённый интент
римские юристы;4;Бузулук (11086);;;Не включать автоматически: информационный, неоднозначный или неподтверждённый интент
римский юрист гай;4;Бузулук (11086);;;Не включать автоматически: информационный, неоднозначный или неподтверждённый интент
юрист 1 курс;4;Бузулук (11086);;;Не включать автоматически: информационный, неоднозначный или неподтверждённый интент
юрист проходной;4;Бузулук (11086);;;Не включать автоматически: информационный, неоднозначный или неподтверждённый интент
юристы 6;4;Бузулук (11086);;;Не включать автоматически: информационный, неоднозначный или неподтверждённый интент
юристы доказали;4;Бузулук (11086);;;Не включать автоматически: информационный, неоднозначный или неподтверждённый интент
юристы римского права;4;Бузулук (11086);;;Не включать автоматически: информационный, неоднозначный или неподтверждённый интент
день юриста 2026;4;Бузулук (11086);;;Не включать автоматически: информационный, неоднозначный или неподтверждённый интент
знать юрист;4;Бузулук (11086);;;Не включать автоматически: информационный, неоднозначный или неподтверждённый интент
комментарии юриста;4;Бузулук (11086);;;Не включать автоматически: информационный, неоднозначный или неподтверждённый интент
номер бесплатного юриста;4;Бузулук (11086);;;Исключить: условия или услуги не подтверждены
проценты юриста;4;Бузулук (11086);;;Не включать автоматически: информационный, неоднозначный или неподтверждённый интент
самарские юристы;4;Бузулук (11086);;;Не включать автоматически: информационный, неоднозначный или неподтверждённый интент
юрист матери;4;Бузулук (11086);;;Не включать автоматически: информационный, неоднозначный или неподтверждённый интент
юриста опытом;4;Бузулук (11086);;;Не включать автоматически: информационный, неоднозначный или неподтверждённый интент
где учиться на юриста;4;Бузулук (11086);;;Исключить: учебный или кадровый запрос
обязательно юриста;4;Бузулук (11086);;;Не включать автоматически: информационный, неоднозначный или неподтверждённый интент
помощь юриста;4;Бузулук (11086);;;Не включать автоматически: информационный, неоднозначный или неподтверждённый интент
юридический это юрист;4;Бузулук (11086);;;Не включать автоматически: информационный, неоднозначный или неподтверждённый интент
помощник юриста;4;Бузулук (11086);;;Не включать автоматически: информационный, неоднозначный или неподтверждённый интент
искусный юрист;4;Бузулук (11086);;;Не включать автоматически: информационный, неоднозначный или неподтверждённый интент
юрист какой класс;4;Бузулук (11086);;;Не включать автоматически: информационный, неоднозначный или неподтверждённый интент
юристы 9 класс предметы;4;Бузулук (11086);;;Не включать автоматически: информационный, неоднозначный или неподтверждённый интент
акт юриста;4;Бузулук (11086);;;Не включать автоматически: информационный, неоднозначный или неподтверждённый интент
жилищный юрист;4;Бузулук (11086);;;Не включать автоматически: информационный, неоднозначный или неподтверждённый интент
юрист производства;4;Бузулук (11086);;;Не включать автоматически: информационный, неоднозначный или неподтверждённый интент
зарабатывают юристы;4;Бузулук (11086);;;Не включать автоматически: информационный, неоднозначный или неподтверждённый интент
заработать юристу;4;Бузулук (11086);;;Не включать автоматически: информационный, неоднозначный или неподтверждённый интент
повышение юристов;4;Бузулук (11086);;;Не включать автоматически: информационный, неоднозначный или неподтверждённый интент
сколько зарабатывает юрист;4;Бузулук (11086);;;Не включать автоматически: информационный, неоднозначный или неподтверждённый интент
сколько заработают юристы;4;Бузулук (11086);;;Не включать автоматически: информационный, неоднозначный или неподтверждённый интент
сочинение на тему юрист;4;Бузулук (11086);;;Исключить: учебный или кадровый запрос
юрист примеры;4;Бузулук (11086);;;Не включать автоматически: информационный, неоднозначный или неподтверждённый интент
можно ли юристу работать;4;Бузулук (11086);;;Не включать автоматически: информационный, неоднозначный или неподтверждённый интент
работает ли юрист;4;Бузулук (11086);;;Не включать автоматически: информационный, неоднозначный или неподтверждённый интент
обновить бизнес юрист;4;Бузулук (11086);;;Исключить: бренд или имя другого специалиста
обновить приложение бизнес юрист;4;Бузулук (11086);;;Исключить: бренд или имя другого специалиста
позвонить юристу;4;Бузулук (11086);;;Не включать автоматически: информационный, неоднозначный или неподтверждённый интент
сбербанк юрист;4;Бузулук (11086);;;Не включать автоматически: информационный, неоднозначный или неподтверждённый интент
b юрист;3;Бузулук (11086);;;Не включать автоматически: информационный, неоднозначный или неподтверждённый интент
адвокат юрист наталья;3;Бузулук (11086);;;Не включать автоматически: информационный, неоднозначный или неподтверждённый интент
вакансия юрист оренбург;3;Бузулук (11086);;;Исключить: учебный или кадровый запрос
наталья васильевна юрист;3;Бузулук (11086);;;Не включать автоматически: информационный, неоднозначный или неподтверждённый интент
советская 52 юрист;3;Бузулук (11086);;;Не включать автоматически: информационный, неоднозначный или неподтверждённый интент
советские юристы;3;Бузулук (11086);;;Не включать автоматически: информационный, неоднозначный или неподтверждённый интент
телефоны горячей линии юристов;3;Бузулук (11086);;;Не включать автоматически: информационный, неоднозначный или неподтверждённый интент
территория юристов;3;Бузулук (11086);;;Не включать автоматически: информационный, неоднозначный или неподтверждённый интент
юрист 24;3;Бузулук (11086);;;Не включать автоматически: информационный, неоднозначный или неподтверждённый интент
юрист 52;3;Бузулук (11086);;;Не включать автоматически: информационный, неоднозначный или неподтверждённый интент
юрист в мфц;3;Бузулук (11086);;;Не включать автоматически: информационный, неоднозначный или неподтверждённый интент
юрист нефедова;3;Бузулук (11086);;;Не включать автоматически: информационный, неоднозначный или неподтверждённый интент
юристы советская 52 оренбург;3;Бузулук (11086);;;Не включать автоматически: информационный, неоднозначный или неподтверждённый интент
юристы 12;3;Бузулук (11086);;;Не включать автоматически: информационный, неоднозначный или неподтверждённый интент
женщина юрист;3;Бузулук (11086);;;Не включать автоматически: информационный, неоднозначный или неподтверждённый интент
какого числа юриста;3;Бузулук (11086);;;Не включать автоматически: информационный, неоднозначный или неподтверждённый интент
юрист центр;3;Бузулук (11086);;;Не включать автоматически: информационный, неоднозначный или неподтверждённый интент
юрист число;3;Бузулук (11086);;;Не включать автоматически: информационный, неоднозначный или неподтверждённый интент
юристов практиков;3;Бузулук (11086);;;Не включать автоматически: информационный, неоднозначный или неподтверждённый интент
интересы юристов;3;Бузулук (11086);;;Не включать автоматически: информационный, неоднозначный или неподтверждённый интент
судебный юрист;3;Бузулук (11086);Претензии и суд;https://obz-pravo.ru/court.html;"Целевой кандидат; проверить состав выдачи"
суть профессии юриста;3;Бузулук (11086);;;Исключить: учебный или кадровый запрос
сферы юриста;3;Бузулук (11086);;;Не включать автоматически: информационный, неоднозначный или неподтверждённый интент
юрист 15 лет;3;Бузулук (11086);;;Не включать автоматически: информационный, неоднозначный или неподтверждённый интент
юрист представляет интересы;3;Бузулук (11086);;;Не включать автоматически: информационный, неоднозначный или неподтверждённый интент
необходим юрист;3;Бузулук (11086);;;Не включать автоматически: информационный, неоднозначный или неподтверждённый интент
приходящий юрист;3;Бузулук (11086);;;Не включать автоматически: информационный, неоднозначный или неподтверждённый интент
юрист удаленно;3;Бузулук (11086);;;Не включать автоматически: информационный, неоднозначный или неподтверждённый интент
законы юриста;3;Бузулук (11086);;;Не включать автоматически: информационный, неоднозначный или неподтверждённый интент
какая работа юриста;3;Бузулук (11086);;;Исключить: учебный или кадровый запрос
я стану юристом;3;Бузулук (11086);;;Не включать автоматически: информационный, неоднозначный или неподтверждённый интент
первые юристы;3;Бузулук (11086);;;Не включать автоматически: информационный, неоднозначный или неподтверждённый интент
первый юрист;3;Бузулук (11086);;;Не включать автоматически: информационный, неоднозначный или неподтверждённый интент
сколько получают юристы;3;Бузулук (11086);;;Не включать автоматически: информационный, неоднозначный или неподтверждённый интент
цена юриста;3;Бузулук (11086);;;Не включать автоматически: информационный, неоднозначный или неподтверждённый интент
б юрист;3;Бузулук (11086);;;Не включать автоматически: информационный, неоднозначный или неподтверждённый интент
вопросы юрист года;3;Бузулук (11086);;;Не включать автоматически: информационный, неоднозначный или неподтверждённый интент
график работы юриста;3;Бузулук (11086);;;Не включать автоматически: информационный, неоднозначный или неподтверждённый интент
можно ли поступить на юриста;3;Бузулук (11086);;;Не включать автоматически: информационный, неоднозначный или неподтверждённый интент
на какие вопросы отвечают юристы;3;Бузулук (11086);;;Не включать автоматически: информационный, неоднозначный или неподтверждённый интент
номер телефона бесплатного юриста;3;Бузулук (11086);;;Исключить: условия или услуги не подтверждены
отвечает юрист;3;Бузулук (11086);;;Не включать автоматически: информационный, неоднозначный или неподтверждённый интент
отвечать на вопросы юристам;3;Бузулук (11086);;;Не включать автоматически: информационный, неоднозначный или неподтверждённый интент
погиб юрист;3;Бузулук (11086);;;Не включать автоматически: информационный, неоднозначный или неподтверждённый интент
юрист график;3;Бузулук (11086);;;Не включать автоматически: информационный, неоднозначный или неподтверждённый интент
юрист погибла;3;Бузулук (11086);;;Не включать автоматически: информационный, неоднозначный или неподтверждённый интент
юрист предоставление;3;Бузулук (11086);;;Не включать автоматически: информационный, неоднозначный или неподтверждённый интент
связь юриста;3;Бузулук (11086);;;Не включать автоматически: информационный, неоднозначный или неподтверждённый интент
бизнес юрист адрес;3;Бузулук (11086);;;Исключить: бренд или имя другого специалиста
деформации правосознания юриста;3;Бузулук (11086);;;Не включать автоматически: информационный, неоднозначный или неподтверждённый интент
деформация профессионального правосознания юриста;3;Бузулук (11086);;;Исключить: учебный или кадровый запрос
заявление на расходы юриста;3;Бузулук (11086);;;Не включать автоматически: информационный, неоднозначный или неподтверждённый интент
исковой юрист;3;Бузулук (11086);;;Не включать автоматически: информационный, неоднозначный или неподтверждённый интент
литература для юристов студентов;3;Бузулук (11086);;;Исключить: учебный или кадровый запрос
опыт работы юриста;3;Бузулук (11086);;;Не включать автоматически: информационный, неоднозначный или неподтверждённый интент
парень юрист;3;Бузулук (11086);;;Не включать автоматически: информационный, неоднозначный или неподтверждённый интент
правосознание юриста;3;Бузулук (11086);;;Не включать автоматически: информационный, неоднозначный или неподтверждённый интент
презентация юрист;3;Бузулук (11086);;;Не включать автоматически: информационный, неоднозначный или неподтверждённый интент
принципы профессионального юриста;3;Бузулук (11086);;;Исключить: учебный или кадровый запрос
профессиональная область юриста;3;Бузулук (11086);;;Исключить: учебный или кадровый запрос
профессиональное правосознание юриста;3;Бузулук (11086);;;Исключить: учебный или кадровый запрос
расходы юрист;3;Бузулук (11086);;;Не включать автоматически: информационный, неоднозначный или неподтверждённый интент
региональный юрист;3;Бузулук (11086);;;Не включать автоматически: информационный, неоднозначный или неподтверждённый интент
резюме юриста;3;Бузулук (11086);;;Не включать автоматически: информационный, неоднозначный или неподтверждённый интент
сообщение про юриста;3;Бузулук (11086);;;Не включать автоматически: информационный, неоднозначный или неподтверждённый интент
типом деформации профессионального правосознания юристов;3;Бузулук (11086);;;Исключить: учебный или кадровый запрос
типы деформации правосознания юристов;3;Бузулук (11086);;;Не включать автоматически: информационный, неоднозначный или неподтверждённый интент
типы юристов;3;Бузулук (11086);;;Не включать автоматически: информационный, неоднозначный или неподтверждённый интент
ухожу из юристов;3;Бузулук (11086);;;Не включать автоматически: информационный, неоднозначный или неподтверждённый интент
учебная литература для юристов студентов;3;Бузулук (11086);;;Исключить: учебный или кадровый запрос
что писать в резюме юристу;3;Бузулук (11086);;;Не включать автоматически: информационный, неоднозначный или неподтверждённый интент
юрист заключение;3;Бузулук (11086);;;Не включать автоматически: информационный, неоднозначный или неподтверждённый интент
юрист сообщение;3;Бузулук (11086);;;Не включать автоматически: информационный, неоднозначный или неподтверждённый интент
юристы исковое заявление;3;Бузулук (11086);;;Не включать автоматически: информационный, неоднозначный или неподтверждённый интент
юристы самарской области;3;Бузулук (11086);;;Не включать автоматически: информационный, неоднозначный или неподтверждённый интент
горячая линия бизнес юрист;3;Бузулук (11086);;;Исключить: бренд или имя другого специалиста
девочки юристы;3;Бузулук (11086);;;Не включать автоматически: информационный, неоднозначный или неподтверждённый интент
международный юрист;3;Бузулук (11086);;;Не включать автоматически: информационный, неоднозначный или неподтверждённый интент
общественная деятельность юриста;3;Бузулук (11086);;;Не включать автоматически: информационный, неоднозначный или неподтверждённый интент
поступить на юриста после 9 класса;3;Бузулук (11086);;;Не включать автоматически: информационный, неоднозначный или неподтверждённый интент
юрист и адвокат;3;Бузулук (11086);;;Не включать автоматически: информационный, неоднозначный или неподтверждённый интент
юрист поступить после 9;3;Бузулук (11086);;;Не включать автоматически: информационный, неоднозначный или неподтверждённый интент
бесплатные юристы онлайн круглосуточно;3;Бузулук (11086);;;Исключить: условия или услуги не подтверждены
консультация юриста онлайн круглосуточно;3;Бузулук (11086);;;Исключить: условия или услуги не подтверждены
юрист года 2026;3;Бузулук (11086);;;Не включать автоматически: информационный, неоднозначный или неподтверждённый интент
юрист онлайн консультация бесплатно круглосуточно;3;Бузулук (11086);;;Исключить: условия или услуги не подтверждены
юрист онлайн круглосуточно;3;Бузулук (11086);;;Исключить: условия или услуги не подтверждены
юрист преподаватель;3;Бузулук (11086);;;Не включать автоматически: информационный, неоднозначный или неподтверждённый интент
юристы вернуть деньги;3;Бузулук (11086);;;Не включать автоматически: информационный, неоднозначный или неподтверждённый интент
бесплатная консультация семейного юриста;3;Бузулук (11086);;;Исключить: условия или услуги не подтверждены
бесплатный консультация право юрист;3;Бузулук (11086);;;Исключить: условия или услуги не подтверждены
бесплатный семейный юрист;3;Бузулук (11086);;;Исключить: условия или услуги не подтверждены
бесплатный юрист по правам;3;Бузулук (11086);;;Исключить: условия или услуги не подтверждены
бесплатный юрист по семейному праву;3;Бузулук (11086);;;Исключить: условия или услуги не подтверждены
военный юрист бесплатная консультация;3;Бузулук (11086);;;Исключить: условия или услуги не подтверждены
военный юрист консультация;3;Бузулук (11086);;;Исключить: условия или услуги не подтверждены
гост юриста;3;Бузулук (11086);;;Не включать автоматически: информационный, неоднозначный или неподтверждённый интент
дайте юриста;3;Бузулук (11086);;;Не включать автоматически: информационный, неоднозначный или неподтверждённый интент
дана юрист;3;Бузулук (11086);;;Не включать автоматически: информационный, неоднозначный или неподтверждённый интент
дмитрий анатольевич юрист;3;Бузулук (11086);;;Не включать автоматически: информационный, неоднозначный или неподтверждённый интент
задания для юристов;3;Бузулук (11086);;;Не включать автоматически: информационный, неоднозначный или неподтверждённый интент
игры для юристов;3;Бузулук (11086);;;Не включать автоматически: информационный, неоднозначный или неподтверждённый интент
идти на юриста;3;Бузулук (11086);;;Не включать автоматически: информационный, неоднозначный или неподтверждённый интент
конституция рф для юристов;3;Бузулук (11086);;;Не включать автоматически: информационный, неоднозначный или неподтверждённый интент
конституция юристов;3;Бузулук (11086);;;Не включать автоматически: информационный, неоднозначный или неподтверждённый интент
консультация юриста по семейному праву бесплатно;3;Бузулук (11086);;;Исключить: условия или услуги не подтверждены
маленький юрист;3;Бузулук (11086);;;Не включать автоматически: информационный, неоднозначный или неподтверждённый интент
мало юристов;3;Бузулук (11086);;;Не включать автоматически: информационный, неоднозначный или неподтверждённый интент
начальник отдела юристов;3;Бузулук (11086);;;Не включать автоматически: информационный, неоднозначный или неподтверждённый интент
начальник юридического отдела юрист начальник;3;Бузулук (11086);;;Не включать автоматически: информационный, неоднозначный или неподтверждённый интент
нужен юрист рф;3;Бузулук (11086);;;Не включать автоматически: информационный, неоднозначный или неподтверждённый интент
олимпиады для студентов юристов;3;Бузулук (11086);;;Исключить: учебный или кадровый запрос
олимпиады для юристов;3;Бузулук (11086);;;Не включать автоматически: информационный, неоднозначный или неподтверждённый интент
оформление банкротства юристы;3;Бузулук (11086);;;Исключить: условия или услуги не подтверждены
помощь юриста бесплатно;3;Бузулук (11086);;;Исключить: условия или услуги не подтверждены
роль юриста в государстве;3;Бузулук (11086);;;Не включать автоматически: информационный, неоднозначный или неподтверждённый интент
семейный юрист консультация;3;Бузулук (11086);;;Исключить: условия или услуги не подтверждены
сколько лет юристам;3;Бузулук (11086);;;Не включать автоматически: информационный, неоднозначный или неподтверждённый интент
чем отличаются юристы;3;Бузулук (11086);;;Не включать автоматически: информационный, неоднозначный или неподтверждённый интент
шпаргалки для юриста;3;Бузулук (11086);;;Не включать автоматически: информационный, неоднозначный или неподтверждённый интент
эффективный юрист;3;Бузулук (11086);;;Не включать автоматически: информационный, неоднозначный или неподтверждённый интент
юридический отдел юрист;3;Бузулук (11086);;;Не включать автоматически: информационный, неоднозначный или неподтверждённый интент
юридическое обеспечение юрист;3;Бузулук (11086);;;Не включать автоматически: информационный, неоднозначный или неподтверждённый интент
юрист дали;3;Бузулук (11086);;;Не включать автоматически: информационный, неоднозначный или неподтверждённый интент
юрист иск;3;Бузулук (11086);;;Не включать автоматически: информационный, неоднозначный или неподтверждённый интент
юрист по семейному праву консультация;3;Бузулук (11086);;;Исключить: условия или услуги не подтверждены
юрист района;3;Бузулук (11086);;;Не включать автоматически: информационный, неоднозначный или неподтверждённый интент
юрист хотеть;3;Бузулук (11086);;;Не включать автоматически: информационный, неоднозначный или неподтверждённый интент
юрист юридические лица;3;Бузулук (11086);;;Не включать автоматически: информационный, неоднозначный или неподтверждённый интент
юристы для подростков;3;Бузулук (11086);;;Не включать автоматически: информационный, неоднозначный или неподтверждённый интент
вопрос заданный юрист;3;Бузулук (11086);;;Не включать автоматически: информационный, неоднозначный или неподтверждённый интент
егоров юрист;3;Бузулук (11086);;;Не включать автоматически: информационный, неоднозначный или неподтверждённый интент
егорова юрист;3;Бузулук (11086);;;Не включать автоматически: информационный, неоднозначный или неподтверждённый интент
задать вопрос юристу;3;Бузулук (11086);;;Не включать автоматически: информационный, неоднозначный или неподтверждённый интент
юрист владимир;3;Бузулук (11086);;;Не включать автоматически: информационный, неоднозначный или неподтверждённый интент
юрист владимиров;3;Бузулук (11086);;;Не включать автоматически: информационный, неоднозначный или неподтверждённый интент
юрист задавать;3;Бузулук (11086);;;Не включать автоматически: информационный, неоднозначный или неподтверждённый интент
юрист по дтп;3;Бузулук (11086);;;Не включать автоматически: информационный, неоднозначный или неподтверждённый интент
юрист оренбург консультация;3;Бузулук (11086);;;Не включать автоматически: информационный, неоднозначный или неподтверждённый интент
должности юриста;3;Бузулук (11086);;;Не включать автоматически: информационный, неоднозначный или неподтверждённый интент
медицинский юрист;3;Бузулук (11086);;;Не включать автоматически: информационный, неоднозначный или неподтверждённый интент
юрист елена;3;Бузулук (11086);;;Не включать автоматически: информационный, неоднозначный или неподтверждённый интент
факультет юрист;3;Бузулук (11086);;;Не включать автоматически: информационный, неоднозначный или неподтверждённый интент
юрист емельянова;3;Бузулук (11086);;;Не включать автоматически: информационный, неоднозначный или неподтверждённый интент
визитная карточка юриста;3;Бузулук (11086);;;Не включать автоматически: информационный, неоднозначный или неподтверждённый интент
плакат юристов;3;Бузулук (11086);;;Не включать автоматически: информационный, неоднозначный или неподтверждённый интент
средства юриста;3;Бузулук (11086);;;Не включать автоматически: информационный, неоднозначный или неподтверждённый интент
юрист дело консультация;3;Бузулук (11086);;;Не включать автоматически: информационный, неоднозначный или неподтверждённый интент
юрист искусный в запутанных делах;3;Бузулук (11086);;;Не включать автоматически: информационный, неоднозначный или неподтверждённый интент
юрист искусный в разборе запутанных дел;3;Бузулук (11086);;;Не включать автоматически: информационный, неоднозначный или неподтверждённый интент
юрист карточка;3;Бузулук (11086);;;Не включать автоматически: информационный, неоднозначный или неподтверждённый интент
юрист название;3;Бузулук (11086);;;Не включать автоматически: информационный, неоднозначный или неподтверждённый интент
юрист сложные дела;3;Бузулук (11086);;;Не включать автоматически: информационный, неоднозначный или неподтверждённый интент
юрист сложных запутанных дел;3;Бузулук (11086);;;Не включать автоматически: информационный, неоднозначный или неподтверждённый интент
врач юрист;3;Бузулук (11086);;;Не включать автоматически: информационный, неоднозначный или неподтверждённый интент
